Workbook
Name Slicer_Financial_Year: #N/A
Name Slicer_Financial_Year1: #N/A
Name Slicer_Financial_Year2: #N/A
Name Slicer_Hospital: #N/A
Name Slicer_Hospital1: #N/A
Name Slicer_Hospital2: #N/A
Name Slicer_Hospital3: #N/A
Name Slicer_Operating_Theatre: #N/A
Name Slicer_Responsible_Consultant: #N/A
Name Slicer_ReviewConFinancialYear: #N/A
Name Slicer_ReviewConHospital: #N/A
Name Slicer_ReviewConMonth: #N/A
Name Slicer_ReviewConOperatingTheatre: #N/A
Name Slicer_ReviewConResponsibleConsultant: #N/A
Name Slicer_ReviewConServiceArea: #N/A
Name Slicer_ReviewConSessionSpecialty: #N/A
Name Slicer_ReviewConTheatreType: #N/A
Name Slicer_ReviewLoadFinancialYear: #N/A
Name Slicer_ReviewLoadHospital: #N/A
Name Slicer_ReviewLoadMonth: #N/A
Name Slicer_ReviewLoadOperatingTheatre: #N/A
Name Slicer_ReviewLoadResponsibleConsultant: #N/A
Name Slicer_ReviewLoadServiceArea: #N/A
Name Slicer_ReviewLoadSessionSpecialty: #N/A
Name Slicer_ReviewLoadTheatreType: #N/A
Name Slicer_ReviewSpecFinancialYear: #N/A
Name Slicer_ReviewSpecHospital: #N/A
Name Slicer_ReviewSpecMonth: #N/A
Name Slicer_ReviewSpecOperatingTheatre: #N/A
Name Slicer_ReviewSpecResponsibleConsultant: #N/A
Name Slicer_ReviewSpecServiceArea: #N/A
Name Slicer_ReviewSpecSessionSpecialty: #N/A
Name Slicer_ReviewSpecTheatreType: #N/A
Name Slicer_Service_Area: #N/A
Name Slicer_Service_Area1: #N/A
Name Slicer_Service_Area2: #N/A
Name Slicer_Session_Specialty: #N/A
Name Slicer_Session_Specialty1: #N/A
Name Slicer_Session_Specialty2: #N/A
Name Slicer_Session_Specialty3: #N/A
Name Slicer_Theatre_Type: #N/A
Name Slicer_Theatre_Type1: #N/A
Name Slicer_Theatre_Type2: #N/A
Name Slicer_Theatre_Type3: #N/A
Name WeeklyEnd: IF('Weekly Review'!$E$19="",TODAY()-1,INT('Weekly Review'!$E$19))
Name WeeklyPageCount: Setup!$V$28
Name WeeklyStart: WeeklyEnd-6

Sheet Utilisation - Detail by Theatre
B2: THEATRE UTILISATION — DETAIL BY THEATRE
B3: ="Sessions: "&TEXT(IFERROR(GETPIVOTDATA("Number",Setup!E12,"Record Type","No. of sessions"),0),"#,##0")&" Patient encounters: "&TEXT(IFERROR(GETPIVOTDATA("Number",Setup!E12,"Record Type","No. of patients"),0),"#,##0") -> Sessions: 1,014 Patient encounters: 4,050
B4: After Refresh All finishes, refresh this pivot. Patient counts require both first start and last end. Double-click counts for session or patient detail.
B17: Counts by theatre, slot duration (minutes), and month
B18: Number | F18: Month
B19: Theatre Type | C19: Operating Theatre | D19: Session Duration | E19: Record Type | F19: 46174 | G19: 46204 | H19: 46235 | I19: Grand Total
B20: DPU | C20: CAH DPU 1 | D20: 180 | E20: No. of sessions | F20: 1 | G20: 1 | H20: 0 | I20: 2
E21: No. of patients | F21: 4 | G21: 4 | H21: 0 | I21: 8
D22: 210 | E22: No. of sessions | F22: 0 | G22: 2 | H22: 1 | I22: 3
E23: No. of patients | F23: 0 | G23: 8 | H23: 4 | I23: 12
D24: 240 | E24: No. of sessions | F24: 2 | G24: 2 | H24: 3 | I24: 7
E25: No. of patients | F25: 8 | G25: 8 | H25: 12 | I25: 28
D26: 270 | E26: No. of sessions | F26: 1 | G26: 3 | H26: 4 | I26: 8
E27: No. of patients | F27: 4 | G27: 12 | H27: 16 | I27: 32
D28: 300 | E28: No. of sessions | F28: 0 | G28: 1 | H28: 2 | I28: 3
E29: No. of patients | F29: 0 | G29: 2 | H29: 8 | I29: 10
D30: 360 | E30: No. of sessions | F30: 0 | G30: 0 | H30: 2 | I30: 2
E31: No. of patients | F31: 0 | G31: 0 | H31: 8 | I31: 8
D32: 420 | E32: No. of sessions | F32: 1 | G32: 0 | H32: 0 | I32: 1
E33: No. of patients | F33: 4 | G33: 0 | H33: 0 | I33: 4
D34: 480 | E34: No. of sessions | F34: 1 | G34: 5 | H34: 3 | I34: 9
E35: No. of patients | F35: 4 | G35: 20 | H35: 12 | I35: 36
D36: 540 | E36: No. of sessions | F36: 2 | G36: 1 | H36: 3 | I36: 6
E37: No. of patients | F37: 8 | G37: 4 | H37: 12 | I37: 24
C38: ST STY THEATRE 1 | D38: 180 | E38: No. of sessions | F38: 0 | G38: 1 | H38: 1 | I38: 2
E39: No. of patients | F39: 0 | G39: 4 | H39: 4 | I39: 8
D40: 210 | E40: No. of sessions | F40: 1 | G40: 0 | H40: 2 | I40: 3
E41: No. of patients | F41: 4 | G41: 0 | H41: 8 | I41: 12
D42: 240 | E42: No. of sessions | F42: 2 | G42: 5 | H42: 0 | I42: 7
E43: No. of patients | F43: 8 | G43: 20 | H43: 0 | I43: 28
D44: 270 | E44: No. of sessions | F44: 3 | G44: 2 | H44: 1 | I44: 6
E45: No. of patients | F45: 12 | G45: 8 | H45: 4 | I45: 24
D46: 300 | E46: No. of sessions | F46: 0 | G46: 1 | H46: 0 | I46: 1
E47: No. of patients | F47: 0 | G47: 4 | H47: 0 | I47: 4
D48: 360 | E48: No. of sessions | F48: 3 | G48: 0 | H48: 3 | I48: 6
E49: No. of patients | F49: 12 | G49: 0 | H49: 12 | I49: 24
D50: 420 | E50: No. of sessions | F50: 0 | G50: 1 | H50: 0 | I50: 1
E51: No. of patients | F51: 0 | G51: 4 | H51: 0 | I51: 4
D52: 480 | E52: No. of sessions | F52: 6 | G52: 6 | H52: 2 | I52: 14
E53: No. of patients | F53: 24 | G53: 24 | H53: 8 | I53: 56
D54: 540 | E54: No. of sessions | F54: 3 | G54: 3 | H54: 3 | I54: 9
E55: No. of patients | F55: 12 | G55: 12 | H55: 12 | I55: 36
C56: ST STY THEATRE 2 | D56: 180 | E56: No. of sessions | F56: 1 | G56: 0 | H56: 1 | I56: 2
E57: No. of patients | F57: 4 | G57: 0 | H57: 4 | I57: 8
D58: 210 | E58: No. of sessions | F58: 1 | G58: 5 | H58: 1 | I58: 7
E59: No. of patients | F59: 4 | G59: 20 | H59: 4 | I59: 28
D60: 240 | E60: No. of sessions | F60: 4 | G60: 1 | H60: 1 | I60: 6
E61: No. of patients | F61: 16 | G61: 4 | H61: 4 | I61: 24
D62: 270 | E62: No. of sessions | F62: 2 | G62: 1 | H62: 2 | I62: 5
E63: No. of patients | F63: 8 | G63: 4 | H63: 8 | I63: 20
D64: 300 | E64: No. of sessions | F64: 0 | G64: 0 | H64: 1 | I64: 1
E65: No. of patients | F65: 0 | G65: 0 | H65: 4 | I65: 4
D66: 360 | E66: No. of sessions | F66: 2 | G66: 0 | H66: 3 | I66: 5
E67: No. of patients | F67: 8 | G67: 0 | H67: 12 | I67: 20
D68: 420 | E68: No. of sessions | F68: 0 | G68: 1 | H68: 1 | I68: 2
E69: No. of patients | F69: 0 | G69: 4 | H69: 4 | I69: 8
D70: 480 | E70: No. of sessions | F70: 8 | G70: 1 | H70: 3 | I70: 12
E71: No. of patients | F71: 32 | G71: 4 | H71: 12 | I71: 48
D72: 540 | E72: No. of sessions | F72: 0 | G72: 1 | H72: 2 | I72: 3
E73: No. of patients | F73: 0 | G73: 4 | H73: 8 | I73: 12
C74: STY DPU 1 | D74: 180 | E74: No. of sessions | F74: 1 | G74: 0 | H74: 2 | I74: 3
E75: No. of patients | F75: 4 | G75: 0 | H75: 8 | I75: 12
D76: 210 | E76: No. of sessions | F76: 1 | G76: 1 | H76: 0 | I76: 2
E77: No. of patients | F77: 4 | G77: 4 | H77: 0 | I77: 8
D78: 240 | E78: No. of sessions | F78: 1 | G78: 2 | H78: 2 | I78: 5
E79: No. of patients | F79: 4 | G79: 8 | H79: 8 | I79: 20
D80: 270 | E80: No. of sessions | F80: 3 | G80: 6 | H80: 1 | I80: 10
E81: No. of patients | F81: 12 | G81: 24 | H81: 4 | I81: 40
D82: 300 | E82: No. of sessions | F82: 1 | G82: 0 | H82: 0 | I82: 1
E83: No. of patients | F83: 2 | G83: 0 | H83: 0 | I83: 2
D84: 360 | E84: No. of sessions | F84: 0 | G84: 1 | H84: 0 | I84: 1
E85: No. of patients | F85: 0 | G85: 4 | H85: 0 | I85: 4
D86: 480 | E86: No. of sessions | F86: 2 | G86: 4 | H86: 5 | I86: 11
E87: No. of patients | F87: 8 | G87: 16 | H87: 20 | I87: 44
D88: 540 | E88: No. of sessions | F88: 4 | G88: 5 | H88: 4 | I88: 13
E89: No. of patients | F89: 16 | G89: 20 | H89: 16 | I89: 52
B90: Main | C90: ST CAH MAIN THEATRE 1 | D90: 180 | E90: No. of sessions | F90: 0 | G90: 0 | H90: 1 | I90: 1
E91: No. of patients | F91: 0 | G91: 0 | H91: 4 | I91: 4
D92: 210 | E92: No. of sessions | F92: 4 | G92: 4 | H92: 1 | I92: 9
E93: No. of patients | F93: 16 | G93: 16 | H93: 4 | I93: 36
D94: 240 | E94: No. of sessions | F94: 0 | G94: 3 | H94: 3 | I94: 6
E95: No. of patients | F95: 0 | G95: 12 | H95: 12 | I95: 24
D96: 270 | E96: No. of sessions | F96: 2 | G96: 3 | H96: 2 | I96: 7
E97: No. of patients | F97: 8 | G97: 12 | H97: 8 | I97: 28
D98: 300 | E98: No. of sessions | F98: 1 | G98: 0 | H98: 1 | I98: 2
E99: No. of patients | F99: 4 | G99: 0 | H99: 4 | I99: 8
D100: 360 | E100: No. of sessions | F100: 1 | G100: 0 | H100: 0 | I100: 1
E101: No. of patients | F101: 4 | G101: 0 | H101: 0 | I101: 4
D102: 420 | E102: No. of sessions | F102: 1 | G102: 1 | H102: 0 | I102: 2
E103: No. of patients | F103: 4 | G103: 4 | H103: 0 | I103: 8
D104: 480 | E104: No. of sessions | F104: 3 | G104: 3 | H104: 9 | I104: 15
E105: No. of patients | F105: 12 | G105: 12 | H105: 36 | I105: 60
D106: 540 | E106: No. of sessions | F106: 3 | G106: 1 | H106: 4 | I106: 8
E107: No. of patients | F107: 12 | G107: 4 | H107: 16 | I107: 32
D108: 1440 | E108: No. of sessions | F108: 0 | G108: 0 | H108: 1 | I108: 1
E109: No. of patients | F109: 0 | G109: 0 | H109: 2 | I109: 2
C110: ST CAH MAIN THEATRE 2 | D110: 210 | E110: No. of sessions | F110: 3 | G110: 2 | H110: 1 | I110: 6
E111: No. of patients | F111: 12 | G111: 8 | H111: 4 | I111: 24
D112: 240 | E112: No. of sessions | F112: 4 | G112: 3 | H112: 2 | I112: 9
E113: No. of patients | F113: 16 | G113: 12 | H113: 8 | I113: 36
...

Sheet Utilisation - Detail
B2: THEATRE UTILISATION — DETAIL
B3: Session Duration includes all recorded sessions with valid planned slots. Run/op percentages use complete-timing planned minutes; see coverage below. Refresh this pivot after Refresh All.
B4: ="Timing coverage (slicers): "&TEXT(GETPIVOTDATA("Timing sessions",Setup!$E$2),"#,##0")&" / "&TEXT(GETPIVOTDATA("All sessions",Setup!$E$2),"#,##0")&" sessions ("&IF(GETPIVOTDATA("All sessions",Setup!$E$2)=0,"no sessions",TEXT(GETPIVOTDATA("Timing sessions",Setup!$E$2)/GETPIVOTDATA("All sessions",Setup!$E$2),"0.0%"))&"). Excluded: "&TEXT(GETPIVOTDATA("Excluded sessions",Setup!$E$2),"#,##0")&". Planned minutes covered: "&IF(GETPIVOTDATA("All planned minutes",Setup!$E$2)=0,"no planned minutes",TEXT(GETPIVOTDATA("Timing planned minutes",Setup!$E$2)/GETPIVOTDATA("All planned minutes",Setup!$E$2),"0.0%")) -> Timing coverage (slicers): 1,014 / 1,014 sessions (100.0%). Excluded: 0. Planned minutes covered: 100.0%
E18: Financial Year | F18: Month
E19: 26/27 | H19: Total
B20: Trust | C20: Hospital | D20: Values | E20: 46174 | F20: 46204 | G20: 46235
B21: Southern | C21: Craigavon | D21: No. of Sessions | E21: 160 | F21: 167 | G21: 179 | H21: 506
D22: No. of Patients | E22: 640 | F22: 666 | G22: 714 | H22: 2020
D23: Session Duration (Mins) | E23: 53130 | F23: 56910 | G23: 64020 | H23: 174060
D24: Run Time (Mins) | E24: 48071 | F24: 51498 | G24: 57188 | H24: 156757
D25: Op Time (Mins) | E25: 33282 | F25: 35904 | G25: 40007 | H25: 109193
D26: % Run Time | E26: 0.90478073 | F26: 0.90490248 | G26: 0.89328335 | H26: 0.90059175
D27: % Op Time | E27: 0.62642575 | F27: 0.63089088 | G27: 0.62491409 | H27: 0.62732966
C28: Daisy Hill | D28: No. of Sessions | E28: 129 | F28: 123 | G28: 118 | H28: 370
D29: No. of Patients | E29: 516 | F29: 492 | G29: 472 | H29: 1480
D30: Session Duration (Mins) | E30: 46020 | F30: 43200 | G30: 38970 | H30: 128190
D31: Run Time (Mins) | E31: 41782 | F31: 39226 | G31: 35278 | H31: 116286
D32: Op Time (Mins) | E32: 29579 | F32: 27224 | G32: 24408 | H32: 81211
D33: % Run Time | E33: 0.9079096 | F33: 0.90800926 | G33: 0.90526046 | H33: 0.90713784
D34: % Op Time | E34: 0.64274229 | F34: 0.63018519 | G34: 0.62632794 | H34: 0.63352056
C35: South Tyrone | D35: No. of Sessions | E35: 49 | F35: 48 | G35: 41 | H35: 138
D36: No. of Patients | E36: 194 | F36: 192 | G36: 164 | H36: 550
D37: Session Duration (Mins) | E37: 18390 | F37: 17430 | G37: 15690 | H37: 51510
D38: Run Time (Mins) | E38: 16503 | F38: 15871 | G38: 14353 | H38: 46727
D39: Op Time (Mins) | E39: 11752 | F39: 11187 | G39: 10055 | H39: 32994
D40: % Run Time | E40: 0.89738989 | F40: 0.91055651 | G40: 0.91478649 | H40: 0.90714424
D41: % Op Time | E41: 0.63904296 | F41: 0.64182444 | G41: 0.64085405 | H41: 0.64053582
B42: Total No. of Sessions | E42: 338 | F42: 338 | G42: 338 | H42: 1014
B43: Total No. of Patients | E43: 1350 | F43: 1350 | G43: 1350 | H43: 4050
B44: Total Session Duration (Mins) | E44: 117540 | F44: 117540 | G44: 118680 | H44: 353760
B45: Total Run Time (Mins) | E45: 106356 | F45: 106595 | G45: 106819 | H45: 319770
B46: Total Op Time (Mins) | E46: 74613 | F46: 74315 | G46: 74470 | H46: 223398
B47: Total % Run Time | E47: 0.90484941 | F47: 0.90688276 | G47: 0.90005898 | H47: 0.90391791
B48: Total % Op Time | E48: 0.63478816 | F48: 0.63225285 | G48: 0.62748568 | H48: 0.63149593

Sheet Utilisation - Start Finish Time
B2: THEATRE UTILISATION — START AND FINISH TIMES
B3: HSCB allowance: On Time includes 10 minutes either side; Early/Late are outside. After Refresh All finishes, refresh this PivotTable.
B4: ="Classified sessions (slicers): "&TEXT(GETPIVOTDATA("Sessions",Setup!$E$18,"Classification Status","Classified"),"#,##0")&" / "&TEXT(GETPIVOTDATA("Sessions",Setup!$E$18),"#,##0")&". Excluded: "&TEXT(GETPIVOTDATA("Sessions",Setup!$E$18,"Classification Status","Unclassified"),"#,##0")&". Chart heights show proportions; labels show counts." -> Classified sessions (slicers): 1,014 / 1,014. Excluded: 0. Chart heights show proportions; labels show counts.
B30: Session counts by start and finish type
B31: Sessions | E31: Financial Year | F31: Month
E32: 26/27 | H32: Total
B33: Trust | C33: Start Type | D33: Finish Type | E33: 46174 | F33: 46204 | G33: 46235
B34: Southern | C34: Early Start | D34: Early Finish | E34: 0 | F34: 0 | G34: 0 | H34: 0
D35: On Time | E35: 0 | F35: 0 | G35: 0 | H35: 0
D36: Late Finish | E36: 0 | F36: 0 | G36: 0 | H36: 0
C37: On Time | D37: Early Finish | E37: 272 | F37: 270 | G37: 267 | H37: 809
D38: On Time | E38: 10 | F38: 6 | G38: 10 | H38: 26
D39: Late Finish | E39: 0 | F39: 0 | G39: 0 | H39: 0
C40: Late Start | D40: Early Finish | E40: 53 | F40: 59 | G40: 57 | H40: 169
D41: On Time | E41: 3 | F41: 3 | G41: 4 | H41: 10
D42: Late Finish | E42: 0 | F42: 0 | G42: 0 | H42: 0
B43: Total | E43: 338 | F43: 338 | G43: 338 | H43: 1014

Sheet Specialty Utilisation
B2: THEATRE UTILISATION — SPECIALTY
B3: Monthly use by specialty, hospital and theatre. Timing measures use complete sessions.
B4: ="Timed sessions: "&TEXT(GETPIVOTDATA("Timed Sessions",$B$18),"#,##0")&" / "&TEXT(GETPIVOTDATA("No. of Sessions",$B$18),"#,##0")&". Timing percentages use matched complete sessions. On Time includes exactly 10 minutes early or late." -> Timed sessions: 1,014 / 1,014. Timing percentages use matched complete sessions. On Time includes exactly 10 minutes early or late.
B5: Double-click a value for the contributing sessions. Patient-level drilldown remains on Utilisation - Detail by Theatre. Refresh this pivot after Refresh All finishes.
F18: Financial Year | G18: Month
F19: 26/27 | I19: Total
B20: Session Specialty | C20: Hospital | D20: Operating Theatre | E20: Values | F20: 46174 | G20: 46204 | H20: 46235
B21: Emergency Surgery | C21: Craigavon | D21: ST CAH MAIN THEATRE 1 | E21: No. of Sessions | H21: 1 | I21: 1
E22: No. of Patients | H22: 2 | I22: 2
E23: Planned Time (Mins) | H23: 1440 | I23: 1440
E24: Planned Time - Timed (Mins) | H24: 1440 | I24: 1440
E25: Run Time (Mins) | F25: — | G25: — | H25: 358 | I25: 358
E26: Op Time (Mins) | F26: — | G26: — | H26: 95 | I26: 95
E27: % Run Time | F27: — | G27: — | H27: 0.24861111 | I27: 0.24861111
E28: % Op Time | F28: — | G28: — | H28: 0.065972222 | I28: 0.065972222
E29: Timed Sessions | H29: 1 | I29: 1
E30: % Timing Coverage | F30: — | G30: — | H30: 1 | I30: 1
E31: Early Start Sessions | H31: 0 | I31: 0
E32: On-Time Start Sessions | H32: 0 | I32: 0
E33: Late Start Sessions | H33: 1 | I33: 1
E34: Early Finish Sessions | H34: 1 | I34: 1
E35: On-Time Finish Sessions | H35: 0 | I35: 0
E36: Late Finish Sessions | H36: 0 | I36: 0
E37: % On-Time Starts | F37: — | G37: — | H37: 0 | I37: 0
E38: % On-Time Finishes | F38: — | G38: — | H38: 0 | I38: 0
B39: ENT | C39: Craigavon | D39: CAH DPU 1 | E39: No. of Sessions | F39: 2 | G39: 2 | H39: 3 | I39: 7
E40: No. of Patients | F40: 8 | G40: 8 | H40: 12 | I40: 28
E41: Planned Time (Mins) | F41: 780 | G41: 480 | H41: 1320 | I41: 2580
E42: Planned Time - Timed (Mins) | F42: 780 | G42: 480 | H42: 1320 | I42: 2580
E43: Run Time (Mins) | F43: 714 | G43: 435 | H43: 1180 | I43: 2329
E44: Op Time (Mins) | F44: 535 | G44: 274 | H44: 876 | I44: 1685
E45: % Run Time | F45: 0.91538462 | G45: 0.90625 | H45: 0.89393939 | I45: 0.90271318
E46: % Op Time | F46: 0.68589744 | G46: 0.57083333 | H46: 0.66363636 | I46: 0.65310078
E47: Timed Sessions | F47: 2 | G47: 2 | H47: 3 | I47: 7
E48: % Timing Coverage | F48: 1 | G48: 1 | H48: 1 | I48: 1
E49: Early Start Sessions | F49: 0 | G49: 0 | H49: 0 | I49: 0
E50: On-Time Start Sessions | F50: 1 | G50: 1 | H50: 1 | I50: 3
E51: Late Start Sessions | F51: 1 | G51: 1 | H51: 2 | I51: 4
... E56: % On-Time Finishes | F56: 0 | G56: 0.5 | H56: 0 | I56: 0.14285714
D57: ST CAH MAIN THEATRE 1 | E57: No. of Sessions | F57: 1 | H57: 6 | I57: 7
E58: No. of Patients | F58: 4 | H58: 24 | I58: 28
E59: Planned Time (Mins) | F59: 540 | H59: 2250 | I59: 2790
E60: Planned Time - Timed (Mins) | F60: 540 | H60: 2250 | I60: 2790
E61: Run Time (Mins) | F61: 498 | G61: — | H61: 2040 | I61: 2538
E62: Op Time (Mins) | F62: 354 | G62: — | H62: 1436 | I62: 1790
E63: % Run Time | F63: 0.92222222 | G63: — | H63: 0.90666667 | I63: 0.90967742
E64: % Op Time | F64: 0.65555556 | G64: — | H64: 0.63822222 | I64: 0.64157706
E65: Timed Sessions | F65: 1 | H65: 6 | I65: 7
E66: % Timing Coverage | F66: 1 | G66: — | H66: 1 | I66: 1
E67: Early Start Sessions | F67: 0 | H67: 0 | I67: 0
E68: On-Time Start Sessions | F68: 1 | H68: 6 | I68: 7
E69: Late Start Sessions | F69: 0 | H69: 0 | I69: 0
E70: Early Finish Sessions | F70: 1 | H70: 6 | I70: 7
E71: On-Time Finish Sessions | F71: 0 | H71: 0 | I71: 0
E72: Late Finish Sessions | F72: 0 | H72: 0 | I72: 0
E73: % On-Time Starts | F73: 1 | G73: — | H73: 1 | I73: 1
E74: % On-Time Finishes | F74: 0 | G74: — | H74: 0 | I74: 0
D75: ST CAH MAIN THEATRE 2 | E75: No. of Sessions | F75: 1 | H75: 4 | I75: 5
E76: No. of Patients | F76: 4 | H76: 16 | I76: 20
E77: Planned Time (Mins) | F77: 210 | H77: 1260 | I77: 1470
E78: Planned Time - Timed (Mins) | F78: 210 | H78: 1260 | I78: 1470
E79: Run Time (Mins) | F79: 187 | G79: — | H79: 1121 | I79: 1308
E80: Op Time (Mins) | F80: 110 | G80: — | H80: 768 | I80: 878
E81: % Run Time | F81: 0.89047619 | G81: — | H81: 0.88968254 | I81: 0.88979592
E82: % Op Time | F82: 0.52380952 | G82: — | H82: 0.60952381 | I82: 0.59727891
E83: Timed Sessions | F83: 1 | H83: 4 | I83: 5
E84: % Timing Coverage | F84: 1 | G84: — | H84: 1 | I84: 1
E85: Early Start Sessions | F85: 0 | H85: 0 | I85: 0
E86: On-Time Start Sessions | F86: 1 | H86: 4 | I86: 5
E87: Late Start Sessions | F87: 0 | H87: 0 | I87: 0
E88: Early Finish Sessions | F88: 1 | H88: 4 | I88: 5
E89: On-Time Finish Sessions | F89: 0 | H89: 0 | I89: 0
E90: Late Finish Sessions | F90: 0 | H90: 0 | I90: 0
E91: % On-Time Starts | F91: 1 | G91: — | H91: 1 | I91: 1
E92: % On-Time Finishes | F92: 0 | G92: — | H92: 0 | I92: 0
D93: ST CAH MAIN THEATRE 3 | E93: No. of Sessions | F93: 2 | G93: 4 | H93: 4 | I93: 10
E94: No. of Patients | F94: 8 | G94: 16 | H94: 16 | I94: 40
E95: Planned Time (Mins) | F95: 390 | G95: 1530 | H95: 1380 | I95: 3300
E96: Planned Time - Timed (Mins) | F96: 390 | G96: 1530 | H96: 1380 | I96: 3300
E97: Run Time (Mins) | F97: 348 | G97: 1392 | H97: 1245 | I97: 2985
E98: Op Time (Mins) | F98: 193 | G98: 958 | H98: 848 | I98: 1999
E99: % Run Time | F99: 0.89230769 | G99: 0.90980392 | H99: 0.90217391 | I99: 0.90454545
E100: % Op Time | F100: 0.49487179 | G100: 0.62614379 | H100: 0.61449275 | I100: 0.60575758
E101: Timed Sessions | F101: 2 | G101: 4 | H101: 4 | I101: 10
E102: % Timing Coverage | F102: 1 | G102: 1 | H102: 1 | I102: 1
E103: Early Start Sessions | F103: 0 | G103: 0 | H103: 0 | I103: 0
E104: On-Time Start Sessions | F104: 2 | G104: 4 | H104: 3 | I104: 9
E105: Late Start Sessions | F105: 0 | G105: 0 | H105: 1 | I105: 1
... E110: % On-Time Finishes | F110: 0.5 | G110: 0 | H110: 0 | I110: 0.1
D111: ST CAH MAIN THEATRE 4 | E111: No. of Sessions | F111: 1 | G111: 2 | H111: 4 | I111: 7
E112: No. of Patients | F112: 4 | G112: 8 | H112: 16 | I112: 28
E113: Planned Time (Mins) | F113: 180 | G113: 750 | H113: 1920 | I113: 2850
E114: Planned Time - Timed (Mins) | F114: 180 | G114: 750 | H114: 1920 | I114: 2850
E115: Run Time (Mins) | F115: 156 | G115: 664 | H115: 1744 | I115: 2564
E116: Op Time (Mins) | F116: 93 | G116: 462 | H116: 1316 | I116: 1871
E117: % Run Time | F117: 0.86666667 | G117: 0.88533333 | H117: 0.90833333 | I117: 0.89964912
E118: % Op Time | F118: 0.51666667 | G118: 0.616 | H118: 0.68541667 | I118: 0.65649123
E119: Timed Sessions | F119: 1 | G119: 2 | H119: 4 | I119: 7
E120: % Timing Coverage | F120: 1 | G120: 1 | H120: 1 | I120: 1
E121: Early Start Sessions | F121: 0 | G121: 0 | H121: 0 | I121: 0
...

Sheet Consultant Utilisation
B2: THEATRE UTILISATION — RESPONSIBLE CONSULTANT
B3: Sessions are attributed to the recorded responsible consultant. Shared or incomplete attribution is shown separately.
B4: ="Timed sessions: "&TEXT(GETPIVOTDATA("Timed Sessions",$B$18),"#,##0")&" / "&TEXT(GETPIVOTDATA("No. of Sessions",$B$18),"#,##0")&". Timing percentages use matched complete sessions. On Time includes exactly 10 minutes early or late." -> Timed sessions: 1,014 / 1,014. Timing percentages use matched complete sessions. On Time includes exactly 10 minutes early or late.
B5: Double-click a value for the contributing sessions. Patient-level drilldown remains on Utilisation - Detail by Theatre. Refresh this pivot after Refresh All finishes.
D18: Financial Year | E18: Month
D19: 26/27 | G19: Total
B20: Responsible Consultant | C20: Values | D20: 46174 | E20: 46204 | F20: 46235
B21: Dr David Strong | C21: No. of Sessions | F21: 1 | G21: 1
C22: No. of Patients | F22: 2 | G22: 2
C23: Planned Time (Mins) | F23: 1440 | G23: 1440
C24: Planned Time - Timed (Mins) | F24: 1440 | G24: 1440
C25: Run Time (Mins) | D25: — | E25: — | F25: 358 | G25: 358
C26: Op Time (Mins) | D26: — | E26: — | F26: 95 | G26: 95
C27: % Run Time | D27: — | E27: — | F27: 0.24861111 | G27: 0.24861111
C28: % Op Time | D28: — | E28: — | F28: 0.065972222 | G28: 0.065972222
C29: Timed Sessions | F29: 1 | G29: 1
C30: % Timing Coverage | D30: — | E30: — | F30: 1 | G30: 1
C31: Early Start Sessions | F31: 0 | G31: 0
C32: On-Time Start Sessions | F32: 0 | G32: 0
C33: Late Start Sessions | F33: 1 | G33: 1
C34: Early Finish Sessions | F34: 1 | G34: 1
C35: On-Time Finish Sessions | F35: 0 | G35: 0
C36: Late Finish Sessions | F36: 0 | G36: 0
C37: % On-Time Starts | D37: — | E37: — | F37: 0 | G37: 0
C38: % On-Time Finishes | D38: — | E38: — | F38: 0 | G38: 0
B39: Dr Dummy 01 | C39: No. of Sessions | D39: 15 | E39: 15 | F39: 15 | G39: 45
C40: No. of Patients | D40: 60 | E40: 60 | F40: 60 | G40: 180
C41: Planned Time (Mins) | D41: 5130 | E41: 5130 | F41: 5130 | G41: 15390
C42: Planned Time - Timed (Mins) | D42: 5130 | E42: 5130 | F42: 5130 | G42: 15390
C43: Run Time (Mins) | D43: 4589 | E43: 4658 | F43: 4691 | G43: 13938
C44: Op Time (Mins) | D44: 3227 | E44: 3243 | F44: 3359 | G44: 9829
C45: % Run Time | D45: 0.89454191 | E45: 0.9079922 | F45: 0.91442495 | G45: 0.90565302
C46: % Op Time | D46: 0.62904483 | E46: 0.63216374 | F46: 0.65477583 | G46: 0.63866147
C47: Timed Sessions | D47: 15 | E47: 15 | F47: 15 | G47: 45
C48: % Timing Coverage | D48: 1 | E48: 1 | F48: 1 | G48: 1
C49: Early Start Sessions | D49: 0 | E49: 0 | F49: 0 | G49: 0
C50: On-Time Start Sessions | D50: 12 | E50: 12 | F50: 14 | G50: 38
C51: Late Start Sessions | D51: 3 | E51: 3 | F51: 1 | G51: 7
... C56: % On-Time Finishes | D56: 0.066666667 | E56: 0.066666667 | F56: 0 | G56: 0.044444444
B57: Dr Dummy 02 | C57: No. of Sessions | D57: 15 | E57: 15 | F57: 14 | G57: 44
C58: No. of Patients | D58: 58 | E58: 58 | F58: 56 | G58: 172
C59: Planned Time (Mins) | D59: 4500 | E59: 4500 | F59: 4200 | G59: 13200
C60: Planned Time - Timed (Mins) | D60: 4500 | E60: 4500 | F60: 4200 | G60: 13200
C61: Run Time (Mins) | D61: 3807 | E61: 3892 | F61: 3798 | G61: 11497
C62: Op Time (Mins) | D62: 2568 | E62: 2577 | F62: 2496 | G62: 7641
C63: % Run Time | D63: 0.846 | E63: 0.86488889 | F63: 0.90428571 | G63: 0.87098485
C64: % Op Time | D64: 0.57066667 | E64: 0.57266667 | F64: 0.59428571 | G64: 0.57886364
C65: Timed Sessions | D65: 15 | E65: 15 | F65: 14 | G65: 44
C66: % Timing Coverage | D66: 1 | E66: 1 | F66: 1 | G66: 1
C67: Early Start Sessions | D67: 0 | E67: 0 | F67: 0 | G67: 0
C68: On-Time Start Sessions | D68: 13 | E68: 11 | F68: 12 | G68: 36
C69: Late Start Sessions | D69: 2 | E69: 4 | F69: 2 | G69: 8
... C74: % On-Time Finishes | D74: 0 | E74: 0 | F74: 0.14285714 | G74: 0.045454545
B75: Dr Dummy 03 | C75: No. of Sessions | D75: 14 | E75: 14 | F75: 14 | G75: 42
C76: No. of Patients | D76: 56 | E76: 56 | F76: 56 | G76: 168
C77: Planned Time (Mins) | D77: 5130 | E77: 5130 | F77: 5130 | G77: 15390
C78: Planned Time - Timed (Mins) | D78: 5130 | E78: 5130 | F78: 5130 | G78: 15390
C79: Run Time (Mins) | D79: 4620 | E79: 4728 | F79: 4650 | G79: 13998
C80: Op Time (Mins) | D80: 3325 | E80: 3306 | F80: 3282 | G80: 9913
C81: % Run Time | D81: 0.9005848 | E81: 0.92163743 | F81: 0.90643275 | G81: 0.90955166
C82: % Op Time | D82: 0.64814815 | E82: 0.64444444 | F82: 0.63976608 | G82: 0.64411956
C83: Timed Sessions | D83: 14 | E83: 14 | F83: 14 | G83: 42
C84: % Timing Coverage | D84: 1 | E84: 1 | F84: 1 | G84: 1
C85: Early Start Sessions | D85: 0 | E85: 0 | F85: 0 | G85: 0
C86: On-Time Start Sessions | D86: 12 | E86: 11 | F86: 9 | G86: 32
C87: Late Start Sessions | D87: 2 | E87: 3 | F87: 5 | G87: 10
... C92: % On-Time Finishes | D92: 0 | E92: 0.071428571 | F92: 0 | G92: 0.023809524
B93: Dr Dummy 04 | C93: No. of Sessions | D93: 14 | E93: 14 | F93: 14 | G93: 42
C94: No. of Patients | D94: 56 | E94: 56 | F94: 56 | G94: 168
C95: Planned Time (Mins) | D95: 5340 | E95: 5340 | F95: 5340 | G95: 16020
C96: Planned Time - Timed (Mins) | D96: 5340 | E96: 5340 | F96: 5340 | G96: 16020
C97: Run Time (Mins) | D97: 4868 | E97: 4881 | F97: 4821 | G97: 14570
C98: Op Time (Mins) | D98: 3489 | E98: 3434 | F98: 3518 | G98: 10441
C99: % Run Time | D99: 0.91161049 | E99: 0.91404494 | F99: 0.90280899 | G99: 0.90948814
C100: % Op Time | D100: 0.65337079 | E100: 0.64307116 | F100: 0.6588015 | G100: 0.65174782
C101: Timed Sessions | D101: 14 | E101: 14 | F101: 14 | G101: 42
C102: % Timing Coverage | D102: 1 | E102: 1 | F102: 1 | G102: 1
C103: Early Start Sessions | D103: 0 | E103: 0 | F103: 0 | G103: 0
C104: On-Time Start Sessions | D104: 12 | E104: 13 | F104: 9 | G104: 34
C105: Late Start Sessions | D105: 2 | E105: 1 | F105: 5 | G105: 8
... C110: % On-Time Finishes | D110: 0 | E110: 0.071428571 | F110: 0 | G110: 0.023809524
B111: Dr Dummy 05 | C111: No. of Sessions | D111: 14 | E111: 14 | F111: 14 | G111: 42
C112: No. of Patients | D112: 56 | E112: 56 | F112: 56 | G112: 168
C113: Planned Time (Mins) | D113: 4650 | E113: 4650 | F113: 4650 | G113: 13950
C114: Planned Time - Timed (Mins) | D114: 4650 | E114: 4650 | F114: 4650 | G114: 13950
C115: Run Time (Mins) | D115: 4219 | E115: 4182 | F115: 4264 | G115: 12665
C116: Op Time (Mins) | D116: 2909 | E116: 2908 | F116: 2949 | G116: 8766
C117: % Run Time | D117: 0.90731183 | E117: 0.89935484 | F117: 0.91698925 | G117: 0.9078853
C118: % Op Time | D118: 0.6255914 | E118: 0.62537634 | F118: 0.63419355 | G118: 0.6283871
C119: Timed Sessions | D119: 14 | E119: 14 | F119: 14 | G119: 42
C120: % Timing Coverage | D120: 1 | E120: 1 | F120: 1 | G120: 1
C121: Early Start Sessions | D121: 0 | E121: 0 | F121: 0 | G121: 0
C122: On-Time Start Sessions | D122: 10 | E122: 8 | F122: 13 | G122: 31
C123: Late Start Sessions | D123: 4 | E123: 6 | F123: 1 | G123: 11
... C128: % On-Time Finishes | D128: 0.071428571 | E128: 0 | F128: 0 | G128: 0.023809524
B129: Dr Dummy 06 | C129: No. of Sessions | D129: 14 | E129: 14 | F129: 14 | G129: 42
C130: No. of Patients | D130: 56 | E130: 56 | F130: 56 | G130: 168
C131: Planned Time (Mins) | D131: 4020 | E131: 4020 | F131: 4020 | G131: 12060
C132: Planned Time - Timed (Mins) | D132: 4020 | E132: 4020 | F132: 4020 | G132: 12060
C133: Run Time (Mins) | D133: 3554 | E133: 3608 | F133: 3583 | G133: 10745
...

Sheet Scheduled Workload
B2: THEATRE UTILISATION — SCHEDULED WORKLOAD
B3: Recorded scheduled patient minutes compared with planned session minutes. This reflects the available extract.
B4: ="Assessed sessions: "&TEXT(GETPIVOTDATA("Assessed Sessions",$B$18),"#,##0")&" / "&TEXT(GETPIVOTDATA("No. of Sessions",$B$18),"#,##0")&". Unassessed: "&TEXT(GETPIVOTDATA("Unassessed Sessions",$B$18),"#,##0")&". 100% compares patient minutes with slot minutes; turnaround and empty allocated lists are not established." -> Assessed sessions: 1,014 / 1,014. Unassessed: 0. 100% compares patient minutes with slot minutes; turnaround and empty allocated lists are not established.
B5: Double-click a value for the contributing sessions. Patient-level drilldown remains on Utilisation - Detail by Theatre. Refresh this pivot after Refresh All finishes.
D18: Financial Year | E18: Month
D19: 26/27 | G19: Total
B20: Session Specialty | C20: Values | D20: 46174 | E20: 46204 | F20: 46235
B21: Emergency Surgery | C21: No. of Sessions | F21: 1 | G21: 1
C22: No. of Patients | F22: 2 | G22: 2
C23: Assessed Sessions | F23: 1 | G23: 1
C24: Unassessed Sessions | F24: 0 | G24: 0
C25: % Workload Coverage | D25: — | E25: — | F25: 1 | G25: 1
C26: Planned Time - Assessed (Mins) | F26: 1440 | G26: 1440
C27: Scheduled Patient Time (Mins) | D27: — | E27: — | F27: 176 | G27: 176
C28: % Recorded Scheduled Load | D28: — | E28: — | F28: 0.12222222 | G28: 0.12222222
C29: Sessions Below 100% Load | F29: 1 | G29: 1
C30: Sessions At 100% Load | F30: 0 | G30: 0
C31: Sessions Above 100% Load | F31: 0 | G31: 0
B32: ENT | C32: No. of Sessions | D32: 39 | E32: 38 | F32: 50 | G32: 127
C33: No. of Patients | D33: 156 | E33: 152 | F33: 200 | G33: 508
C34: Assessed Sessions | D34: 39 | E34: 38 | F34: 50 | G34: 127
C35: Unassessed Sessions | D35: 0 | E35: 0 | F35: 0 | G35: 0
C36: % Workload Coverage | D36: 1 | E36: 1 | F36: 1 | G36: 1
C37: Planned Time - Assessed (Mins) | D37: 12930 | E37: 12390 | F37: 17490 | G37: 42810
C38: Scheduled Patient Time (Mins) | D38: 8000 | E38: 7555 | F38: 11240 | G38: 26795
C39: % Recorded Scheduled Load | D39: 0.61871616 | E39: 0.60976594 | F39: 0.64265294 | G39: 0.62590516
C40: Sessions Below 100% Load | D40: 39 | E40: 38 | F40: 50 | G40: 127
C41: Sessions At 100% Load | D41: 0 | E41: 0 | F41: 0 | G41: 0
C42: Sessions Above 100% Load | D42: 0 | E42: 0 | F42: 0 | G42: 0
B43: General Surgery | C43: No. of Sessions | D43: 45 | E43: 45 | F43: 45 | G43: 135
C44: No. of Patients | D44: 180 | E44: 180 | F44: 180 | G44: 540
C45: Assessed Sessions | D45: 45 | E45: 45 | F45: 45 | G45: 135
C46: Unassessed Sessions | D46: 0 | E46: 0 | F46: 0 | G46: 0
C47: % Workload Coverage | D47: 1 | E47: 1 | F47: 1 | G47: 1
C48: Planned Time - Assessed (Mins) | D48: 16620 | E48: 15600 | F48: 15810 | G48: 48030
C49: Scheduled Patient Time (Mins) | D49: 10650 | E49: 10075 | F49: 10020 | G49: 30745
C50: % Recorded Scheduled Load | D50: 0.64079422 | E50: 0.64583333 | F50: 0.63377609 | G50: 0.64012076
C51: Sessions Below 100% Load | D51: 45 | E51: 45 | F51: 45 | G51: 135
C52: Sessions At 100% Load | D52: 0 | E52: 0 | F52: 0 | G52: 0
C53: Sessions Above 100% Load | D53: 0 | E53: 0 | F53: 0 | G53: 0
B54: Gynaecology | C54: No. of Sessions | D54: 41 | E54: 51 | F54: 53 | G54: 145
C55: No. of Patients | D55: 162 | E55: 204 | F55: 212 | G55: 578
C56: Assessed Sessions | D56: 41 | E56: 51 | F56: 53 | G56: 145
C57: Unassessed Sessions | D57: 0 | E57: 0 | F57: 0 | G57: 0
C58: % Workload Coverage | D58: 1 | E58: 1 | F58: 1 | G58: 1
C59: Planned Time - Assessed (Mins) | D59: 14280 | E59: 18870 | F59: 18630 | G59: 51780
C60: Scheduled Patient Time (Mins) | D60: 8900 | E60: 12135 | F60: 11785 | G60: 32820
C61: % Recorded Scheduled Load | D61: 0.6232493 | E61: 0.64308426 | F61: 0.63258186 | G61: 0.63383546
C62: Sessions Below 100% Load | D62: 41 | E62: 51 | F62: 53 | G62: 145
C63: Sessions At 100% Load | D63: 0 | E63: 0 | F63: 0 | G63: 0
C64: Sessions Above 100% Load | D64: 0 | E64: 0 | F64: 0 | G64: 0
B65: Obstetrics | C65: No. of Sessions | D65: 48 | E65: 51 | F65: 45 | G65: 144
C66: No. of Patients | D66: 192 | E66: 204 | F66: 180 | G66: 576
C67: Assessed Sessions | D67: 48 | E67: 51 | F67: 45 | G67: 144
C68: Unassessed Sessions | D68: 0 | E68: 0 | F68: 0 | G68: 0
C69: % Workload Coverage | D69: 1 | E69: 1 | F69: 1 | G69: 1
C70: Planned Time - Assessed (Mins) | D70: 15180 | E70: 18090 | F70: 15840 | G70: 49110
C71: Scheduled Patient Time (Mins) | D71: 9340 | E71: 11505 | F71: 10085 | G71: 30930
C72: % Recorded Scheduled Load | D72: 0.61528327 | E72: 0.63598673 | F72: 0.63667929 | G72: 0.62981063
C73: Sessions Below 100% Load | D73: 48 | E73: 51 | F73: 45 | G73: 144
C74: Sessions At 100% Load | D74: 0 | E74: 0 | F74: 0 | G74: 0
C75: Sessions Above 100% Load | D75: 0 | E75: 0 | F75: 0 | G75: 0
B76: Ophthalmology | C76: No. of Sessions | D76: 7 | E76: 7 | F76: 2 | G76: 16
C77: No. of Patients | D77: 28 | E77: 28 | F77: 8 | G77: 64
C78: Assessed Sessions | D78: 7 | E78: 7 | F78: 2 | G78: 16
C79: Unassessed Sessions | D79: 0 | E79: 0 | F79: 0 | G79: 0
C80: % Workload Coverage | D80: 1 | E80: 1 | F80: 1 | G80: 1
C81: Planned Time - Assessed (Mins) | D81: 2730 | E81: 2760 | F81: 630 | G81: 6120
C82: Scheduled Patient Time (Mins) | D82: 1810 | E82: 1840 | F82: 410 | G82: 4060
C83: % Recorded Scheduled Load | D83: 0.66300366 | E83: 0.66666667 | F83: 0.65079365 | G83: 0.66339869
C84: Sessions Below 100% Load | D84: 7 | E84: 7 | F84: 2 | G84: 16
C85: Sessions At 100% Load | D85: 0 | E85: 0 | F85: 0 | G85: 0
C86: Sessions Above 100% Load | D86: 0 | E86: 0 | F86: 0 | G86: 0
B87: Oral and Maxillofacial Surgery | C87: No. of Sessions | D87: 12 | E87: 10 | F87: 13 | G87: 35
C88: No. of Patients | D88: 48 | E88: 40 | F88: 52 | G88: 140
C89: Assessed Sessions | D89: 12 | E89: 10 | F89: 13 | G89: 35
C90: Unassessed Sessions | D90: 0 | E90: 0 | F90: 0 | G90: 0
C91: % Workload Coverage | D91: 1 | E91: 1 | F91: 1 | G91: 1
C92: Planned Time - Assessed (Mins) | D92: 3810 | E92: 3630 | F92: 4410 | G92: 11850
C93: Scheduled Patient Time (Mins) | D93: 2420 | E93: 2305 | F93: 2715 | G93: 7440
C94: % Recorded Scheduled Load | D94: 0.6351706 | E94: 0.63498623 | F94: 0.61564626 | G94: 0.6278481
C95: Sessions Below 100% Load | D95: 12 | E95: 10 | F95: 13 | G95: 35
C96: Sessions At 100% Load | D96: 0 | E96: 0 | F96: 0 | G96: 0
C97: Sessions Above 100% Load | D97: 0 | E97: 0 | F97: 0 | G97: 0
B98: Paediatric Surgery | C98: No. of Sessions | D98: 11 | E98: 18 | F98: 19 | G98: 48
C99: No. of Patients | D99: 44 | E99: 72 | F99: 76 | G99: 192
C100: Assessed Sessions | D100: 11 | E100: 18 | F100: 19 | G100: 48
C101: Unassessed Sessions | D101: 0 | E101: 0 | F101: 0 | G101: 0
C102: % Workload Coverage | D102: 1 | E102: 1 | F102: 1 | G102: 1
C103: Planned Time - Assessed (Mins) | D103: 4170 | E103: 6450 | F103: 7620 | G103: 18240
C104: Scheduled Patient Time (Mins) | D104: 2700 | E104: 4155 | F104: 5065 | G104: 11920
C105: % Recorded Scheduled Load | D105: 0.64748201 | E105: 0.64418605 | F105: 0.66469816 | G105: 0.65350877
C106: Sessions Below 100% Load | D106: 11 | E106: 18 | F106: 19 | G106: 48
C107: Sessions At 100% Load | D107: 0 | E107: 0 | F107: 0 | G107: 0
C108: Sessions Above 100% Load | D108: 0 | E108: 0 | F108: 0 | G108: 0
B109: Plastic Surgery | C109: No. of Sessions | D109: 31 | E109: 38 | F109: 40 | G109: 109
C110: No. of Patients | D110: 124 | E110: 152 | F110: 160 | G110: 436
C111: Assessed Sessions | D111: 31 | E111: 38 | F111: 40 | G111: 109
C112: Unassessed Sessions | D112: 0 | E112: 0 | F112: 0 | G112: 0
C113: % Workload Coverage | D113: 1 | E113: 1 | F113: 1 | G113: 1
...

Sheet Weekly Review
B2: THEATRE UTILISATION — SEVEN-DAY REVIEW
B3: ="Review period: "&TEXT(WeeklyStart,"dd mmm yyyy")&" to "&TEXT(WeeklyEnd,"dd mmm yyyy")&IF('Weekly Review'!E19=""," (previous seven completed days)"," (historical date selected)") -> Review period: 25 Aug 2026 to 31 Aug 2026 (historical date selected)
B4: ="Latest recorded activity: "&TEXT(Setup!V4,"dd mmm yyyy")&". "&IF(Setup!V4<WeeklyEnd,"Extracts do not reach the end of this review period. ","")&IF(TODAY()-1>Setup!V4,TEXT(TODAY()-1-Setup!V4,"0")&" completed days since that date. ","")&"A recorded date does not prove complete capture." -> Latest recorded activity: 31 Aug 2026. 57 completed days since that date. A recorded date does not prove complete capture.
B5: Slicers are shared by these two tabs and filter Review Data. Existing report pivots keep their own selections.
B6: Run/op rates use matched complete-timing sessions. On Time includes ±10 minutes. Responsible consultant is the recorded list owner.
B19: Historical week ending | E19: 46265 | G19: Clear the yellow date for the seven completed days ending yesterday.
B22: Sessions | E22: Patient encounters | H22: Planned time (mins) | K22: Run utilisation | N22: Op utilisation
B23: =Setup!V5 -> 76 | E23: =Setup!V7 -> 304 | H23: =Setup!V8 -> 26100 | K23: =Setup!V22 -> 0.90954023 | N23: =Setup!V23 -> 0.62896552
B25: Timing coverage | E25: Late start sessions | H25: Late finish sessions | K25: Patients excluded: times | N25: Recorded scheduled load
B26: =Setup!V24 -> 1 | E26: =Setup!V12 -> 13 | H26: =Setup!V13 -> 0 | K26: =Setup!V18 -> 0 | N26: =Setup!V25 -> 0.62643678
B28: ="Timed sessions: "&Setup!V6&" / "&Setup!V5&". Scheduled-workload coverage: "&TEXT(Setup!V26,"0.0%")&". Missing-time patients are excluded from the patient count; represented sessions remain included." -> Timed sessions: 76 / 76. Scheduled-workload coverage: 100.0%. Missing-time patients are excluded from the patient count; represented sessions remain included.
B29: Date | C29: Sessions | D29: Patients | E29: Planned mins | F29: Timed planned mins | G29: Run mins | H29: Op mins | I29: Run % | J29: Op % | K29: Late starts | L29: Late finishes | M29: Timed sessions | N29: Recorded activity
B30: =WeeklyStart+0 -> 46259 | C30: =SUMPRODUCT(WeeklyMask,--(SessionReviewTable[Procedure Date]=$B30),SessionReviewTable[No of Sessions]) -> 9 | D30: =SUMPRODUCT(WeeklyMask,--(SessionReviewTable[Procedure Date]=$B30),SessionReviewTable[No of Patients]) -> 36 | E30: =SUMPRODUCT(WeeklyMask,--(SessionReviewTable[Procedure Date]=$B30),SessionReviewTable[Session Duration]) -> 3510 | F30: =SUMPRODUCT(WeeklyMask,--(SessionReviewTable[Procedure Date]=$B30),SessionReviewTable[Session Duration Used for Timing]) -> 3510 | G30: =SUMPRODUCT(WeeklyMask,--(SessionReviewTable[Procedure Date]=$B30),SessionReviewTable[Run Minutes]) -> 3252 | H30: =SUMPRODUCT(WeeklyMask,--(SessionReviewTable[Procedure Date]=$B30),SessionReviewTable[Op Minutes]) -> 2279 | I30: =IF(F30=0,"—",G30/F30) -> 0.92649573 | J30: =IF(F30=0,"—",H30/F30) -> 0.64928775 | K30: =SUMPRODUCT(WeeklyMask,--(SessionReviewTable[Procedure Date]=$B30),SessionReviewTable[Late Starts]) -> 3 | L30: =SUMPRODUCT(WeeklyMask,--(SessionReviewTable[Procedure Date]=$B30),SessionReviewTable[Late Finishes]) -> 0 | M30: =SUMPRODUCT(WeeklyMask,--(SessionReviewTable[Procedure Date]=$B30),SessionReviewTable[Sessions Used for Timing]) -> 9 | N30: =IF(C30=0,"No recorded activity",IF(M30<C30,"Timing incomplete","Activity recorded")) -> Activity recorded
B31: =WeeklyStart+1 -> 46260 | C31: =SUMPRODUCT(WeeklyMask,--(SessionReviewTable[Procedure Date]=$B31),SessionReviewTable[No of Sessions]) -> 13 | D31: =SUMPRODUCT(WeeklyMask,--(SessionReviewTable[Procedure Date]=$B31),SessionReviewTable[No of Patients]) -> 52 | E31: =SUMPRODUCT(WeeklyMask,--(SessionReviewTable[Procedure Date]=$B31),SessionReviewTable[Session Duration]) -> 4380 | F31: =SUMPRODUCT(WeeklyMask,--(SessionReviewTable[Procedure Date]=$B31),SessionReviewTable[Session Duration Used for Timing]) -> 4380 | G31: =SUMPRODUCT(WeeklyMask,--(SessionReviewTable[Procedure Date]=$B31),SessionReviewTable[Run Minutes]) -> 3929 | H31: =SUMPRODUCT(WeeklyMask,--(SessionReviewTable[Procedure Date]=$B31),SessionReviewTable[Op Minutes]) -> 2711 | I31: =IF(F31=0,"—",G31/F31) -> 0.89703196 | J31: =IF(F31=0,"—",H31/F31) -> 0.61894977 | K31: =SUMPRODUCT(WeeklyMask,--(SessionReviewTable[Procedure Date]=$B31),SessionReviewTable[Late Starts]) -> 0 | L31: =SUMPRODUCT(WeeklyMask,--(SessionReviewTable[Procedure Date]=$B31),SessionReviewTable[Late Finishes]) -> 0 | M31: =SUMPRODUCT(WeeklyMask,--(SessionReviewTable[Procedure Date]=$B31),SessionReviewTable[Sessions Used for Timing]) -> 13 | N31: =IF(C31=0,"No recorded activity",IF(M31<C31,"Timing incomplete","Activity recorded")) -> Activity recorded
B32: =WeeklyStart+2 -> 46261 | C32: =SUMPRODUCT(WeeklyMask,--(SessionReviewTable[Procedure Date]=$B32),SessionReviewTable[No of Sessions]) -> 10 | D32: =SUMPRODUCT(WeeklyMask,--(SessionReviewTable[Procedure Date]=$B32),SessionReviewTable[No of Patients]) -> 40 | E32: =SUMPRODUCT(WeeklyMask,--(SessionReviewTable[Procedure Date]=$B32),SessionReviewTable[Session Duration]) -> 3060 | F32: =SUMPRODUCT(WeeklyMask,--(SessionReviewTable[Procedure Date]=$B32),SessionReviewTable[Session Duration Used for Timing]) -> 3060 | G32: =SUMPRODUCT(WeeklyMask,--(SessionReviewTable[Procedure Date]=$B32),SessionReviewTable[Run Minutes]) -> 2814 | H32: =SUMPRODUCT(WeeklyMask,--(SessionReviewTable[Procedure Date]=$B32),SessionReviewTable[Op Minutes]) -> 1943 | I32: =IF(F32=0,"—",G32/F32) -> 0.91960784 | J32: =IF(F32=0,"—",H32/F32) -> 0.63496732 | K32: =SUMPRODUCT(WeeklyMask,--(SessionReviewTable[Procedure Date]=$B32),SessionReviewTable[Late Starts]) -> 1 | L32: =SUMPRODUCT(WeeklyMask,--(SessionReviewTable[Procedure Date]=$B32),SessionReviewTable[Late Finishes]) -> 0 | M32: =SUMPRODUCT(WeeklyMask,--(SessionReviewTable[Procedure Date]=$B32),SessionReviewTable[Sessions Used for Timing]) -> 10 | N32: =IF(C32=0,"No recorded activity",IF(M32<C32,"Timing incomplete","Activity recorded")) -> Activity recorded
B33: =WeeklyStart+3 -> 46262 | C33: =SUMPRODUCT(WeeklyMask,--(SessionReviewTable[Procedure Date]=$B33),SessionReviewTable[No of Sessions]) -> 12 | D33: =SUMPRODUCT(WeeklyMask,--(SessionReviewTable[Procedure Date]=$B33),SessionReviewTable[No of Patients]) -> 48 | E33: =SUMPRODUCT(WeeklyMask,--(SessionReviewTable[Procedure Date]=$B33),SessionReviewTable[Session Duration]) -> 4110 | F33: =SUMPRODUCT(WeeklyMask,--(SessionReviewTable[Procedure Date]=$B33),SessionReviewTable[Session Duration Used for Timing]) -> 4110 | G33: =SUMPRODUCT(WeeklyMask,--(SessionReviewTable[Procedure Date]=$B33),SessionReviewTable[Run Minutes]) -> 3748 | H33: =SUMPRODUCT(WeeklyMask,--(SessionReviewTable[Procedure Date]=$B33),SessionReviewTable[Op Minutes]) -> 2619 | I33: =IF(F33=0,"—",G33/F33) -> 0.91192214 | J33: =IF(F33=0,"—",H33/F33) -> 0.63722628 | K33: =SUMPRODUCT(WeeklyMask,--(SessionReviewTable[Procedure Date]=$B33),SessionReviewTable[Late Starts]) -> 3 | L33: =SUMPRODUCT(WeeklyMask,--(SessionReviewTable[Procedure Date]=$B33),SessionReviewTable[Late Finishes]) -> 0 | M33: =SUMPRODUCT(WeeklyMask,--(SessionReviewTable[Procedure Date]=$B33),SessionReviewTable[Sessions Used for Timing]) -> 12 | N33: =IF(C33=0,"No recorded activity",IF(M33<C33,"Timing incomplete","Activity recorded")) -> Activity recorded
B34: =WeeklyStart+4 -> 46263 | C34: =SUMPRODUCT(WeeklyMask,--(SessionReviewTable[Procedure Date]=$B34),SessionReviewTable[No of Sessions]) -> 11 | D34: =SUMPRODUCT(WeeklyMask,--(SessionReviewTable[Procedure Date]=$B34),SessionReviewTable[No of Patients]) -> 44 | E34: =SUMPRODUCT(WeeklyMask,--(SessionReviewTable[Procedure Date]=$B34),SessionReviewTable[Session Duration]) -> 3720 | F34: =SUMPRODUCT(WeeklyMask,--(SessionReviewTable[Procedure Date]=$B34),SessionReviewTable[Session Duration Used for Timing]) -> 3720 | G34: =SUMPRODUCT(WeeklyMask,--(SessionReviewTable[Procedure Date]=$B34),SessionReviewTable[Run Minutes]) -> 3373 | H34: =SUMPRODUCT(WeeklyMask,--(SessionReviewTable[Procedure Date]=$B34),SessionReviewTable[Op Minutes]) -> 2333 | I34: =IF(F34=0,"—",G34/F34) -> 0.90672043 | J34: =IF(F34=0,"—",H34/F34) -> 0.62715054 | K34: =SUMPRODUCT(WeeklyMask,--(SessionReviewTable[Procedure Date]=$B34),SessionReviewTable[Late Starts]) -> 3 | L34: =SUMPRODUCT(WeeklyMask,--(SessionReviewTable[Procedure Date]=$B34),SessionReviewTable[Late Finishes]) -> 0 | M34: =SUMPRODUCT(WeeklyMask,--(SessionReviewTable[Procedure Date]=$B34),SessionReviewTable[Sessions Used for Timing]) -> 11 | N34: =IF(C34=0,"No recorded activity",IF(M34<C34,"Timing incomplete","Activity recorded")) -> Activity recorded
B35: =WeeklyStart+5 -> 46264 | C35: =SUMPRODUCT(WeeklyMask,--(SessionReviewTable[Procedure Date]=$B35),SessionReviewTable[No of Sessions]) -> 11 | D35: =SUMPRODUCT(WeeklyMask,--(SessionReviewTable[Procedure Date]=$B35),SessionReviewTable[No of Patients]) -> 44 | E35: =SUMPRODUCT(WeeklyMask,--(SessionReviewTable[Procedure Date]=$B35),SessionReviewTable[Session Duration]) -> 3600 | F35: =SUMPRODUCT(WeeklyMask,--(SessionReviewTable[Procedure Date]=$B35),SessionReviewTable[Session Duration Used for Timing]) -> 3600 | G35: =SUMPRODUCT(WeeklyMask,--(SessionReviewTable[Procedure Date]=$B35),SessionReviewTable[Run Minutes]) -> 3240 | H35: =SUMPRODUCT(WeeklyMask,--(SessionReviewTable[Procedure Date]=$B35),SessionReviewTable[Op Minutes]) -> 2169 | I35: =IF(F35=0,"—",G35/F35) -> 0.9 | J35: =IF(F35=0,"—",H35/F35) -> 0.6025 | K35: =SUMPRODUCT(WeeklyMask,--(SessionReviewTable[Procedure Date]=$B35),SessionReviewTable[Late Starts]) -> 2 | L35: =SUMPRODUCT(WeeklyMask,--(SessionReviewTable[Procedure Date]=$B35),SessionReviewTable[Late Finishes]) -> 0 | M35: =SUMPRODUCT(WeeklyMask,--(SessionReviewTable[Procedure Date]=$B35),SessionReviewTable[Sessions Used for Timing]) -> 11 | N35: =IF(C35=0,"No recorded activity",IF(M35<C35,"Timing incomplete","Activity recorded")) -> Activity recorded
B36: =WeeklyStart+6 -> 46265 | C36: =SUMPRODUCT(WeeklyMask,--(SessionReviewTable[Procedure Date]=$B36),SessionReviewTable[No of Sessions]) -> 10 | D36: =SUMPRODUCT(WeeklyMask,--(SessionReviewTable[Procedure Date]=$B36),SessionReviewTable[No of Patients]) -> 40 | E36: =SUMPRODUCT(WeeklyMask,--(SessionReviewTable[Procedure Date]=$B36),SessionReviewTable[Session Duration]) -> 3720 | F36: =SUMPRODUCT(WeeklyMask,--(SessionReviewTable[Procedure Date]=$B36),SessionReviewTable[Session Duration Used for Timing]) -> 3720 | G36: =SUMPRODUCT(WeeklyMask,--(SessionReviewTable[Procedure Date]=$B36),SessionReviewTable[Run Minutes]) -> 3383 | H36: =SUMPRODUCT(WeeklyMask,--(SessionReviewTable[Procedure Date]=$B36),SessionReviewTable[Op Minutes]) -> 2362 | I36: =IF(F36=0,"—",G36/F36) -> 0.9094086 | J36: =IF(F36=0,"—",H36/F36) -> 0.63494624 | K36: =SUMPRODUCT(WeeklyMask,--(SessionReviewTable[Procedure Date]=$B36),SessionReviewTable[Late Starts]) -> 1 | L36: =SUMPRODUCT(WeeklyMask,--(SessionReviewTable[Procedure Date]=$B36),SessionReviewTable[Late Finishes]) -> 0 | M36: =SUMPRODUCT(WeeklyMask,--(SessionReviewTable[Procedure Date]=$B36),SessionReviewTable[Sessions Used for Timing]) -> 10 | N36: =IF(C36=0,"No recorded activity",IF(M36<C36,"Timing incomplete","Activity recorded")) -> Activity recorded
B37: Total | C37: =SUM(C30:C36) -> 76 | D37: =SUM(D30:D36) -> 304 | E37: =SUM(E30:E36) -> 26100 | F37: =SUM(F30:F36) -> 26100 | G37: =SUM(G30:G36) -> 23739 | H37: =SUM(H30:H36) -> 16416 | I37: =IF(F37=0,"—",G37/F37) -> 0.90954023 | J37: =IF(F37=0,"—",H37/F37) -> 0.62896552 | K37: =SUM(K30:K36) -> 13 | L37: =SUM(L30:L36) -> 0 | M37: =SUM(M30:M36) -> 76
B52: Session punctuality | J52: Scheduled workload and coverage
B53: Classification | C53: Start | D53: Finish | J53: Assessed sessions | O53: =Setup!V19 -> 76
B54: Early | C54: =Setup!V14 -> 0 | D54: =Setup!V16 -> 72 | J54: Scheduled patient minutes | O54: =Setup!V21 -> 16350
B55: On Time | C55: =Setup!V15 -> 63 | D55: =Setup!V17 -> 4 | J55: Assessed planned minutes | O55: =Setup!V20 -> 26100
B56: Late | C56: =Setup!V12 -> 13 | D56: =Setup!V13 -> 0 | J56: Workload coverage | O56: =Setup!V26 -> 1
B57: Unclassified | C57: =Setup!V27 -> 0 | D57: =Setup!V27 -> 0
B59: Recorded scheduled load compares supplied patient minutes with planned minutes for assessed sessions. It does not establish spare booking capacity.
B60: Use Session Timeline to compare planned and actual spans, inspect exact times, and review timing notes for each selected session.
B61: Open Session Timeline

Sheet Session Timeline
B2: THEATRE UTILISATION — SESSION TIMELINE
B3: ="Review period: "&TEXT(WeeklyStart,"dd mmm yyyy")&" to "&TEXT(WeeklyEnd,"dd mmm yyyy")&IF('Weekly Review'!E19=""," (previous seven completed days)"," (historical date selected)") -> Review period: 25 Aug 2026 to 31 Aug 2026 (historical date selected)
B4: ="Latest recorded activity: "&TEXT(Setup!V4,"dd mmm yyyy")&". "&IF(Setup!V4<WeeklyEnd,"Extracts do not reach the end of this review period. ","")&IF(TODAY()-1>Setup!V4,TEXT(TODAY()-1-Setup!V4,"0")&" completed days since that date. ","")&"A recorded date does not prove complete capture." -> Latest recorded activity: 31 Aug 2026. 57 completed days since that date. A recorded date does not prove complete capture.
B5: Slicers are shared by these two tabs and filter Review Data. Existing report pivots keep their own selections.
B6: Run/op rates use matched complete-timing sessions. On Time includes ±10 minutes. Responsible consultant is the recorded list owner.
B19: Timeline page | E19: 1 | F19: =IF(Setup!V30,"Page "&Setup!V29&" of "&Setup!V28&". 12 sessions per page, ordered by date. Edit the yellow page number to continue.","Enter a whole page number of 1 or more. Page 1 is shown until corrected.") -> Page 1 of 7. 12 sessions per page, ordered by date. Edit the yellow page number to continue.
B20: =IF(Setup!V5=0,"No recorded sessions match this period and these filters.","Showing sessions "&((Setup!V29-1)*12+1)&"–"&MIN(Setup!V29*12,Setup!V5)&" of "&Setup!V5&" selected sessions. Filter by theatre or specialty for a focused review.") -> Showing sessions 1–12 of 76 selected sessions. Filter by theatre or specialty for a focused review.
B21: Planned = green. Actual run = blue, including gaps. Op minutes are separate totals, not continuous clock-time bars.
B22: Each row starts at midnight on its labelled date. 24:00 means the next day. Invalid actual timing has no blue bar.
B51: Session details for this page — full-second timing is retained in the source; minutes below show one decimal.
B52: Date | C52: Theatre | D52: Specialty | E52: Consultant | F52: Planned start | G52: Planned end | H52: Actual start | I52: Actual end | J52: Patients | K52: Run mins | L52: Op mins | M52: Start type | N52: Finish type | O52: Timing notes | P52: Patients excluded | Q52: Scheduling notes
B53: =IF(Setup!$U46="","",IF(INDEX(SessionReviewTable[Procedure Date],Setup!$U46)="","",INDEX(SessionReviewTable[Procedure Date],Setup!$U46))) -> 46259 | C53: =IF(Setup!$U46="","",IF(INDEX(SessionReviewTable[Operating Theatre],Setup!$U46)="","",INDEX(SessionReviewTable[Operating Theatre],Setup!$U46))) -> ST CAH MAIN THEATRE 7 | D53: =IF(Setup!$U46="","",IF(INDEX(SessionReviewTable[Session Specialty],Setup!$U46)="","",INDEX(SessionReviewTable[Session Specialty],Setup!$U46))) -> General Surgery | E53: =IF(Setup!$U46="","",IF(INDEX(SessionReviewTable[Responsible Consultant],Setup!$U46)="","",INDEX(SessionReviewTable[Responsible Consultant],Setup!$U46))) -> Dr Dummy 03 | F53: =IF(Setup!$U46="","",IF(INDEX(SessionReviewTable[Slot Start Time],Setup!$U46)="","",INDEX(SessionReviewTable[Slot Start Time],Setup!$U46))) -> 46259.312 | G53: =IF(Setup!$U46="","",IF(INDEX(SessionReviewTable[Slot End Time],Setup!$U46)="","",INDEX(SessionReviewTable[Slot End Time],Setup!$U46))) -> 46259.688 | H53: =IF(Setup!$U46="","",IF(INDEX(SessionReviewTable[First Actual Start],Setup!$U46)="","",INDEX(SessionReviewTable[First Actual Start],Setup!$U46))) -> 46259.316 | I53: =IF(Setup!$U46="","",IF(INDEX(SessionReviewTable[Last Actual End],Setup!$U46)="","",INDEX(SessionReviewTable[Last Actual End],Setup!$U46))) -> 46259.661 | J53: =IF(Setup!$U46="","",IF(INDEX(SessionReviewTable[No of Patients],Setup!$U46)="","",INDEX(SessionReviewTable[No of Patients],Setup!$U46))) -> 4 | K53: =IF(Setup!$U46="","",IF(INDEX(SessionReviewTable[Run Minutes],Setup!$U46)="","",INDEX(SessionReviewTable[Run Minutes],Setup!$U46))) -> 497 | L53: =IF(Setup!$U46="","",IF(INDEX(SessionReviewTable[Op Minutes],Setup!$U46)="","",INDEX(SessionReviewTable[Op Minutes],Setup!$U46))) -> 375 | M53: =IF(Setup!$U46="","",IF(INDEX(SessionReviewTable[Start Type],Setup!$U46)="","",INDEX(SessionReviewTable[Start Type],Setup!$U46))) -> On Time | N53: =IF(Setup!$U46="","",IF(INDEX(SessionReviewTable[Finish Type],Setup!$U46)="","",INDEX(SessionReviewTable[Finish Type],Setup!$U46))) -> Early Finish | O53: =IF(Setup!$U46="","",IF(INDEX(SessionReviewTable[Timing Notes],Setup!$U46)="","None",HYPERLINK("#'Review Data'!AD"&(Setup!$U46+5),"Open notes"))) -> None | P53: =IF(Setup!$U46="","",IF(INDEX(SessionReviewTable[Patients Excluded - Missing Times],Setup!$U46)="","",INDEX(SessionReviewTable[Patients Excluded - Missing Times],Setup!$U46))) -> 0 | Q53: =IF(Setup!$U46="","",IF(INDEX(SessionReviewTable[Scheduling Notes],Setup!$U46)="","None",HYPERLINK("#'Review Data'!BH"&(Setup!$U46+5),"Open notes"))) -> None
B54: =IF(Setup!$U47="","",IF(INDEX(SessionReviewTable[Procedure Date],Setup!$U47)="","",INDEX(SessionReviewTable[Procedure Date],Setup!$U47))) -> 46259 | C54: =IF(Setup!$U47="","",IF(INDEX(SessionReviewTable[Operating Theatre],Setup!$U47)="","",INDEX(SessionReviewTable[Operating Theatre],Setup!$U47))) -> ST CAH MAIN THEATRE 3 | D54: =IF(Setup!$U47="","",IF(INDEX(SessionReviewTable[Session Specialty],Setup!$U47)="","",INDEX(SessionReviewTable[Session Specialty],Setup!$U47))) -> Gynaecology | E54: =IF(Setup!$U47="","",IF(INDEX(SessionReviewTable[Responsible Consultant],Setup!$U47)="","",INDEX(SessionReviewTable[Responsible Consultant],Setup!$U47))) -> Dr Dummy 09 | F54: =IF(Setup!$U47="","",IF(INDEX(SessionReviewTable[Slot Start Time],Setup!$U47)="","",INDEX(SessionReviewTable[Slot Start Time],Setup!$U47))) -> 46259.312 | G54: =IF(Setup!$U47="","",IF(INDEX(SessionReviewTable[Slot End Time],Setup!$U47)="","",INDEX(SessionReviewTable[Slot End Time],Setup!$U47))) -> 46259.646 | H54: =IF(Setup!$U47="","",IF(INDEX(SessionReviewTable[First Actual Start],Setup!$U47)="","",INDEX(SessionReviewTable[First Actual Start],Setup!$U47))) -> 46259.321 | I54: =IF(Setup!$U47="","",IF(INDEX(SessionReviewTable[Last Actual End],Setup!$U47)="","",INDEX(SessionReviewTable[Last Actual End],Setup!$U47))) -> 46259.623 | J54: =IF(Setup!$U47="","",IF(INDEX(SessionReviewTable[No of Patients],Setup!$U47)="","",INDEX(SessionReviewTable[No of Patients],Setup!$U47))) -> 4 | K54: =IF(Setup!$U47="","",IF(INDEX(SessionReviewTable[Run Minutes],Setup!$U47)="","",INDEX(SessionReviewTable[Run Minutes],Setup!$U47))) -> 435 | L54: =IF(Setup!$U47="","",IF(INDEX(SessionReviewTable[Op Minutes],Setup!$U47)="","",INDEX(SessionReviewTable[Op Minutes],Setup!$U47))) -> 317 | M54: =IF(Setup!$U47="","",IF(INDEX(SessionReviewTable[Start Type],Setup!$U47)="","",INDEX(SessionReviewTable[Start Type],Setup!$U47))) -> Late Start | N54: =IF(Setup!$U47="","",IF(INDEX(SessionReviewTable[Finish Type],Setup!$U47)="","",INDEX(SessionReviewTable[Finish Type],Setup!$U47))) -> Early Finish | O54: =IF(Setup!$U47="","",IF(INDEX(SessionReviewTable[Timing Notes],Setup!$U47)="","None",HYPERLINK("#'Review Data'!AD"&(Setup!$U47+5),"Open notes"))) -> None | P54: =IF(Setup!$U47="","",IF(INDEX(SessionReviewTable[Patients Excluded - Missing Times],Setup!$U47)="","",INDEX(SessionReviewTable[Patients Excluded - Missing Times],Setup!$U47))) -> 0 | Q54: =IF(Setup!$U47="","",IF(INDEX(SessionReviewTable[Scheduling Notes],Setup!$U47)="","None",HYPERLINK("#'Review Data'!BH"&(Setup!$U47+5),"Open notes"))) -> None
B55: =IF(Setup!$U48="","",IF(INDEX(SessionReviewTable[Procedure Date],Setup!$U48)="","",INDEX(SessionReviewTable[Procedure Date],Setup!$U48))) -> 46259 | C55: =IF(Setup!$U48="","",IF(INDEX(SessionReviewTable[Operating Theatre],Setup!$U48)="","",INDEX(SessionReviewTable[Operating Theatre],Setup!$U48))) -> ST CAH MAIN THEATRE 2 | D55: =IF(Setup!$U48="","",IF(INDEX(SessionReviewTable[Session Specialty],Setup!$U48)="","",INDEX(SessionReviewTable[Session Specialty],Setup!$U48))) -> Gynaecology | E55: =IF(Setup!$U48="","",IF(INDEX(SessionReviewTable[Responsible Consultant],Setup!$U48)="","",INDEX(SessionReviewTable[Responsible Consultant],Setup!$U48))) -> Dr Dummy 12 | F55: =IF(Setup!$U48="","",IF(INDEX(SessionReviewTable[Slot Start Time],Setup!$U48)="","",INDEX(SessionReviewTable[Slot Start Time],Setup!$U48))) -> 46259.312 | G55: =IF(Setup!$U48="","",IF(INDEX(SessionReviewTable[Slot End Time],Setup!$U48)="","",INDEX(SessionReviewTable[Slot End Time],Setup!$U48))) -> 46259.604 | H55: =IF(Setup!$U48="","",IF(INDEX(SessionReviewTable[First Actual Start],Setup!$U48)="","",INDEX(SessionReviewTable[First Actual Start],Setup!$U48))) -> 46259.321 | I55: =IF(Setup!$U48="","",IF(INDEX(SessionReviewTable[Last Actual End],Setup!$U48)="","",INDEX(SessionReviewTable[Last Actual End],Setup!$U48))) -> 46259.593 | J55: =IF(Setup!$U48="","",IF(INDEX(SessionReviewTable[No of Patients],Setup!$U48)="","",INDEX(SessionReviewTable[No of Patients],Setup!$U48))) -> 4 | K55: =IF(Setup!$U48="","",IF(INDEX(SessionReviewTable[Run Minutes],Setup!$U48)="","",INDEX(SessionReviewTable[Run Minutes],Setup!$U48))) -> 392 | L55: =IF(Setup!$U48="","",IF(INDEX(SessionReviewTable[Op Minutes],Setup!$U48)="","",INDEX(SessionReviewTable[Op Minutes],Setup!$U48))) -> 292 | M55: =IF(Setup!$U48="","",IF(INDEX(SessionReviewTable[Start Type],Setup!$U48)="","",INDEX(SessionReviewTable[Start Type],Setup!$U48))) -> Late Start | N55: =IF(Setup!$U48="","",IF(INDEX(SessionReviewTable[Finish Type],Setup!$U48)="","",INDEX(SessionReviewTable[Finish Type],Setup!$U48))) -> Early Finish | O55: =IF(Setup!$U48="","",IF(INDEX(SessionReviewTable[Timing Notes],Setup!$U48)="","None",HYPERLINK("#'Review Data'!AD"&(Setup!$U48+5),"Open notes"))) -> None | P55: =IF(Setup!$U48="","",IF(INDEX(SessionReviewTable[Patients Excluded - Missing Times],Setup!$U48)="","",INDEX(SessionReviewTable[Patients Excluded - Missing Times],Setup!$U48))) -> 0 | Q55: =IF(Setup!$U48="","",IF(INDEX(SessionReviewTable[Scheduling Notes],Setup!$U48)="","None",HYPERLINK("#'Review Data'!BH"&(Setup!$U48+5),"Open notes"))) -> None
B56: =IF(Setup!$U49="","",IF(INDEX(SessionReviewTable[Procedure Date],Setup!$U49)="","",INDEX(SessionReviewTable[Procedure Date],Setup!$U49))) -> 46259 | C56: =IF(Setup!$U49="","",IF(INDEX(SessionReviewTable[Operating Theatre],Setup!$U49)="","",INDEX(SessionReviewTable[Operating Theatre],Setup!$U49))) -> ST CAH MAIN THEATRE 1 | D56: =IF(Setup!$U49="","",IF(INDEX(SessionReviewTable[Session Specialty],Setup!$U49)="","",INDEX(SessionReviewTable[Session Specialty],Setup!$U49))) -> Urology | E56: =IF(Setup!$U49="","",IF(INDEX(SessionReviewTable[Responsible Consultant],Setup!$U49)="","",INDEX(SessionReviewTable[Responsible Consultant],Setup!$U49))) -> Dr Dummy 24 | F56: =IF(Setup!$U49="","",IF(INDEX(SessionReviewTable[Slot Start Time],Setup!$U49)="","",INDEX(SessionReviewTable[Slot Start Time],Setup!$U49))) -> 46259.354 | G56: =IF(Setup!$U49="","",IF(INDEX(SessionReviewTable[Slot End Time],Setup!$U49)="","",INDEX(SessionReviewTable[Slot End Time],Setup!$U49))) -> 46259.729 | H56: =IF(Setup!$U49="","",IF(INDEX(SessionReviewTable[First Actual Start],Setup!$U49)="","",INDEX(SessionReviewTable[First Actual Start],Setup!$U49))) -> 46259.356 | I56: =IF(Setup!$U49="","",IF(INDEX(SessionReviewTable[Last Actual End],Setup!$U49)="","",INDEX(SessionReviewTable[Last Actual End],Setup!$U49))) -> 46259.713 | J56: =IF(Setup!$U49="","",IF(INDEX(SessionReviewTable[No of Patients],Setup!$U49)="","",INDEX(SessionReviewTable[No of Patients],Setup!$U49))) -> 4 | K56: =IF(Setup!$U49="","",IF(INDEX(SessionReviewTable[Run Minutes],Setup!$U49)="","",INDEX(SessionReviewTable[Run Minutes],Setup!$U49))) -> 515 | L56: =IF(Setup!$U49="","",IF(INDEX(SessionReviewTable[Op Minutes],Setup!$U49)="","",INDEX(SessionReviewTable[Op Minutes],Setup!$U49))) -> 400 | M56: =IF(Setup!$U49="","",IF(INDEX(SessionReviewTable[Start Type],Setup!$U49)="","",INDEX(SessionReviewTable[Start Type],Setup!$U49))) -> On Time | N56: =IF(Setup!$U49="","",IF(INDEX(SessionReviewTable[Finish Type],Setup!$U49)="","",INDEX(SessionReviewTable[Finish Type],Setup!$U49))) -> Early Finish | O56: =IF(Setup!$U49="","",IF(INDEX(SessionReviewTable[Timing Notes],Setup!$U49)="","None",HYPERLINK("#'Review Data'!AD"&(Setup!$U49+5),"Open notes"))) -> None | P56: =IF(Setup!$U49="","",IF(INDEX(SessionReviewTable[Patients Excluded - Missing Times],Setup!$U49)="","",INDEX(SessionReviewTable[Patients Excluded - Missing Times],Setup!$U49))) -> 0 | Q56: =IF(Setup!$U49="","",IF(INDEX(SessionReviewTable[Scheduling Notes],Setup!$U49)="","None",HYPERLINK("#'Review Data'!BH"&(Setup!$U49+5),"Open notes"))) -> None
B57: =IF(Setup!$U50="","",IF(INDEX(SessionReviewTable[Procedure Date],Setup!$U50)="","",INDEX(SessionReviewTable[Procedure Date],Setup!$U50))) -> 46259 | C57: =IF(Setup!$U50="","",IF(INDEX(SessionReviewTable[Operating Theatre],Setup!$U50)="","",INDEX(SessionReviewTable[Operating Theatre],Setup!$U50))) -> ST DHH MAIN THEATRE 3 | D57: =IF(Setup!$U50="","",IF(INDEX(SessionReviewTable[Session Specialty],Setup!$U50)="","",INDEX(SessionReviewTable[Session Specialty],Setup!$U50))) -> ENT | E57: =IF(Setup!$U50="","",IF(INDEX(SessionReviewTable[Responsible Consultant],Setup!$U50)="","",INDEX(SessionReviewTable[Responsible Consultant],Setup!$U50))) -> Dr Dummy 22 | F57: =IF(Setup!$U50="","",IF(INDEX(SessionReviewTable[Slot Start Time],Setup!$U50)="","",INDEX(SessionReviewTable[Slot Start Time],Setup!$U50))) -> 46259.562 | G57: =IF(Setup!$U50="","",IF(INDEX(SessionReviewTable[Slot End Time],Setup!$U50)="","",INDEX(SessionReviewTable[Slot End Time],Setup!$U50))) -> 46259.75 | H57: =IF(Setup!$U50="","",IF(INDEX(SessionReviewTable[First Actual Start],Setup!$U50)="","",INDEX(SessionReviewTable[First Actual Start],Setup!$U50))) -> 46259.564 | I57: =IF(Setup!$U50="","",IF(INDEX(SessionReviewTable[Last Actual End],Setup!$U50)="","",INDEX(SessionReviewTable[Last Actual End],Setup!$U50))) -> 46259.74 | J57: =IF(Setup!$U50="","",IF(INDEX(SessionReviewTable[No of Patients],Setup!$U50)="","",INDEX(SessionReviewTable[No of Patients],Setup!$U50))) -> 4 | K57: =IF(Setup!$U50="","",IF(INDEX(SessionReviewTable[Run Minutes],Setup!$U50)="","",INDEX(SessionReviewTable[Run Minutes],Setup!$U50))) -> 254 | L57: =IF(Setup!$U50="","",IF(INDEX(SessionReviewTable[Op Minutes],Setup!$U50)="","",INDEX(SessionReviewTable[Op Minutes],Setup!$U50))) -> 153 | M57: =IF(Setup!$U50="","",IF(INDEX(SessionReviewTable[Start Type],Setup!$U50)="","",INDEX(SessionReviewTable[Start Type],Setup!$U50))) -> On Time | N57: =IF(Setup!$U50="","",IF(INDEX(SessionReviewTable[Finish Type],Setup!$U50)="","",INDEX(SessionReviewTable[Finish Type],Setup!$U50))) -> Early Finish | O57: =IF(Setup!$U50="","",IF(INDEX(SessionReviewTable[Timing Notes],Setup!$U50)="","None",HYPERLINK("#'Review Data'!AD"&(Setup!$U50+5),"Open notes"))) -> None | P57: =IF(Setup!$U50="","",IF(INDEX(SessionReviewTable[Patients Excluded - Missing Times],Setup!$U50)="","",INDEX(SessionReviewTable[Patients Excluded - Missing Times],Setup!$U50))) -> 0 | Q57: =IF(Setup!$U50="","",IF(INDEX(SessionReviewTable[Scheduling Notes],Setup!$U50)="","None",HYPERLINK("#'Review Data'!BH"&(Setup!$U50+5),"Open notes"))) -> None
B58: =IF(Setup!$U51="","",IF(INDEX(SessionReviewTable[Procedure Date],Setup!$U51)="","",INDEX(SessionReviewTable[Procedure Date],Setup!$U51))) -> 46259 | C58: =IF(Setup!$U51="","",IF(INDEX(SessionReviewTable[Operating Theatre],Setup!$U51)="","",INDEX(SessionReviewTable[Operating Theatre],Setup!$U51))) -> ST DHH MATERNITY THEATRE 1 | D58: =IF(Setup!$U51="","",IF(INDEX(SessionReviewTable[Session Specialty],Setup!$U51)="","",INDEX(SessionReviewTable[Session Specialty],Setup!$U51))) -> Obstetrics | E58: =IF(Setup!$U51="","",IF(INDEX(SessionReviewTable[Responsible Consultant],Setup!$U51)="","",INDEX(SessionReviewTable[Responsible Consultant],Setup!$U51))) -> Dr Dummy 09 | F58: =IF(Setup!$U51="","",IF(INDEX(SessionReviewTable[Slot Start Time],Setup!$U51)="","",INDEX(SessionReviewTable[Slot Start Time],Setup!$U51))) -> 46259.354 | G58: =IF(Setup!$U51="","",IF(INDEX(SessionReviewTable[Slot End Time],Setup!$U51)="","",INDEX(SessionReviewTable[Slot End Time],Setup!$U51))) -> 46259.479 | H58: =IF(Setup!$U51="","",IF(INDEX(SessionReviewTable[First Actual Start],Setup!$U51)="","",INDEX(SessionReviewTable[First Actual Start],Setup!$U51))) -> 46259.358 | I58: =IF(Setup!$U51="","",IF(INDEX(SessionReviewTable[Last Actual End],Setup!$U51)="","",INDEX(SessionReviewTable[Last Actual End],Setup!$U51))) -> 46259.474 | J58: =IF(Setup!$U51="","",IF(INDEX(SessionReviewTable[No of Patients],Setup!$U51)="","",INDEX(SessionReviewTable[No of Patients],Setup!$U51))) -> 4 | K58: =IF(Setup!$U51="","",IF(INDEX(SessionReviewTable[Run Minutes],Setup!$U51)="","",INDEX(SessionReviewTable[Run Minutes],Setup!$U51))) -> 166 | L58: =IF(Setup!$U51="","",IF(INDEX(SessionReviewTable[Op Minutes],Setup!$U51)="","",INDEX(SessionReviewTable[Op Minutes],Setup!$U51))) -> 80 | M58: =IF(Setup!$U51="","",IF(INDEX(SessionReviewTable[Start Type],Setup!$U51)="","",INDEX(SessionReviewTable[Start Type],Setup!$U51))) -> On Time | N58: =IF(Setup!$U51="","",IF(INDEX(SessionReviewTable[Finish Type],Setup!$U51)="","",INDEX(SessionReviewTable[Finish Type],Setup!$U51))) -> On Time | O58: =IF(Setup!$U51="","",IF(INDEX(SessionReviewTable[Timing Notes],Setup!$U51)="","None",HYPERLINK("#'Review Data'!AD"&(Setup!$U51+5),"Open notes"))) -> None | P58: =IF(Setup!$U51="","",IF(INDEX(SessionReviewTable[Patients Excluded - Missing Times],Setup!$U51)="","",INDEX(SessionReviewTable[Patients Excluded - Missing Times],Setup!$U51))) -> 0 | Q58: =IF(Setup!$U51="","",IF(INDEX(SessionReviewTable[Scheduling Notes],Setup!$U51)="","None",HYPERLINK("#'Review Data'!BH"&(Setup!$U51+5),"Open notes"))) -> None
B59: =IF(Setup!$U52="","",IF(INDEX(SessionReviewTable[Procedure Date],Setup!$U52)="","",INDEX(SessionReviewTable[Procedure Date],Setup!$U52))) -> 46259 | C59: =IF(Setup!$U52="","",IF(INDEX(SessionReviewTable[Operating Theatre],Setup!$U52)="","",INDEX(SessionReviewTable[Operating Theatre],Setup!$U52))) -> STY DPU 1 | D59: =IF(Setup!$U52="","",IF(INDEX(SessionReviewTable[Session Specialty],Setup!$U52)="","",INDEX(SessionReviewTable[Session Specialty],Setup!$U52))) -> ENT | E59: =IF(Setup!$U52="","",IF(INDEX(SessionReviewTable[Responsible Consultant],Setup!$U52)="","",INDEX(SessionReviewTable[Responsible Consultant],Setup!$U52))) -> Dr Dummy 21 | F59: =IF(Setup!$U52="","",IF(INDEX(SessionReviewTable[Slot Start Time],Setup!$U52)="","",INDEX(SessionReviewTable[Slot Start Time],Setup!$U52))) -> 46259.354 | G59: =IF(Setup!$U52="","",IF(INDEX(SessionReviewTable[Slot End Time],Setup!$U52)="","",INDEX(SessionReviewTable[Slot End Time],Setup!$U52))) -> 46259.479 | H59: =IF(Setup!$U52="","",IF(INDEX(SessionReviewTable[First Actual Start],Setup!$U52)="","",INDEX(SessionReviewTable[First Actual Start],Setup!$U52))) -> 46259.362 | I59: =IF(Setup!$U52="","",IF(INDEX(SessionReviewTable[Last Actual End],Setup!$U52)="","",INDEX(SessionReviewTable[Last Actual End],Setup!$U52))) -> 46259.471 | J59: =IF(Setup!$U52="","",IF(INDEX(SessionReviewTable[No of Patients],Setup!$U52)="","",INDEX(SessionReviewTable[No of Patients],Setup!$U52))) -> 4 | K59: =IF(Setup!$U52="","",IF(INDEX(SessionReviewTable[Run Minutes],Setup!$U52)="","",INDEX(SessionReviewTable[Run Minutes],Setup!$U52))) -> 157 | L59: =IF(Setup!$U52="","",IF(INDEX(SessionReviewTable[Op Minutes],Setup!$U52)="","",INDEX(SessionReviewTable[Op Minutes],Setup!$U52))) -> 85 | M59: =IF(Setup!$U52="","",IF(INDEX(SessionReviewTable[Start Type],Setup!$U52)="","",INDEX(SessionReviewTable[Start Type],Setup!$U52))) -> Late Start | N59: =IF(Setup!$U52="","",IF(INDEX(SessionReviewTable[Finish Type],Setup!$U52)="","",INDEX(SessionReviewTable[Finish Type],Setup!$U52))) -> Early Finish | O59: =IF(Setup!$U52="","",IF(INDEX(SessionReviewTable[Timing Notes],Setup!$U52)="","None",HYPERLINK("#'Review Data'!AD"&(Setup!$U52+5),"Open notes"))) -> None | P59: =IF(Setup!$U52="","",IF(INDEX(SessionReviewTable[Patients Excluded - Missing Times],Setup!$U52)="","",INDEX(SessionReviewTable[Patients Excluded - Missing Times],Setup!$U52))) -> 0 | Q59: =IF(Setup!$U52="","",IF(INDEX(SessionReviewTable[Scheduling Notes],Setup!$U52)="","None",HYPERLINK("#'Review Data'!BH"&(Setup!$U52+5),"Open notes"))) -> None
B60: =IF(Setup!$U53="","",IF(INDEX(SessionReviewTable[Procedure Date],Setup!$U53)="","",INDEX(SessionReviewTable[Procedure Date],Setup!$U53))) -> 46259 | C60: =IF(Setup!$U53="","",IF(INDEX(SessionReviewTable[Operating Theatre],Setup!$U53)="","",INDEX(SessionReviewTable[Operating Theatre],Setup!$U53))) -> ST STY THEATRE 1 | D60: =IF(Setup!$U53="","",IF(INDEX(SessionReviewTable[Session Specialty],Setup!$U53)="","",INDEX(SessionReviewTable[Session Specialty],Setup!$U53))) -> Gynaecology | E60: =IF(Setup!$U53="","",IF(INDEX(SessionReviewTable[Responsible Consultant],Setup!$U53)="","",INDEX(SessionReviewTable[Responsible Consultant],Setup!$U53))) -> Dr Dummy 04 | F60: =IF(Setup!$U53="","",IF(INDEX(SessionReviewTable[Slot Start Time],Setup!$U53)="","",INDEX(SessionReviewTable[Slot Start Time],Setup!$U53))) -> 46259.354 | G60: =IF(Setup!$U53="","",IF(INDEX(SessionReviewTable[Slot End Time],Setup!$U53)="","",INDEX(SessionReviewTable[Slot End Time],Setup!$U53))) -> 46259.688 | H60: =IF(Setup!$U53="","",IF(INDEX(SessionReviewTable[First Actual Start],Setup!$U53)="","",INDEX(SessionReviewTable[First Actual Start],Setup!$U53))) -> 46259.36 | I60: =IF(Setup!$U53="","",IF(INDEX(SessionReviewTable[Last Actual End],Setup!$U53)="","",INDEX(SessionReviewTable[Last Actual End],Setup!$U53))) -> 46259.669 | J60: =IF(Setup!$U53="","",IF(INDEX(SessionReviewTable[No of Patients],Setup!$U53)="","",INDEX(SessionReviewTable[No of Patients],Setup!$U53))) -> 4 | K60: =IF(Setup!$U53="","",IF(INDEX(SessionReviewTable[Run Minutes],Setup!$U53)="","",INDEX(SessionReviewTable[Run Minutes],Setup!$U53))) -> 446 | L60: =IF(Setup!$U53="","",IF(INDEX(SessionReviewTable[Op Minutes],Setup!$U53)="","",INDEX(SessionReviewTable[Op Minutes],Setup!$U53))) -> 316 | M60: =IF(Setup!$U53="","",IF(INDEX(SessionReviewTable[Start Type],Setup!$U53)="","",INDEX(SessionReviewTable[Start Type],Setup!$U53))) -> On Time | N60: =IF(Setup!$U53="","",IF(INDEX(SessionReviewTable[Finish Type],Setup!$U53)="","",INDEX(SessionReviewTable[Finish Type],Setup!$U53))) -> Early Finish | O60: =IF(Setup!$U53="","",IF(INDEX(SessionReviewTable[Timing Notes],Setup!$U53)="","None",HYPERLINK("#'Review Data'!AD"&(Setup!$U53+5),"Open notes"))) -> None | P60: =IF(Setup!$U53="","",IF(INDEX(SessionReviewTable[Patients Excluded - Missing Times],Setup!$U53)="","",INDEX(SessionReviewTable[Patients Excluded - Missing Times],Setup!$U53))) -> 0 | Q60: =IF(Setup!$U53="","",IF(INDEX(SessionReviewTable[Scheduling Notes],Setup!$U53)="","None",HYPERLINK("#'Review Data'!BH"&(Setup!$U53+5),"Open notes"))) -> None
B61: =IF(Setup!$U54="","",IF(INDEX(SessionReviewTable[Procedure Date],Setup!$U54)="","",INDEX(SessionReviewTable[Procedure Date],Setup!$U54))) -> 46259 | C61: =IF(Setup!$U54="","",IF(INDEX(SessionReviewTable[Operating Theatre],Setup!$U54)="","",INDEX(SessionReviewTable[Operating Theatre],Setup!$U54))) -> ST STY THEATRE 2 | D61: =IF(Setup!$U54="","",IF(INDEX(SessionReviewTable[Session Specialty],Setup!$U54)="","",INDEX(SessionReviewTable[Session Specialty],Setup!$U54))) -> Oral and Maxillofacial Surgery | E61: =IF(Setup!$U54="","",IF(INDEX(SessionReviewTable[Responsible Consultant],Setup!$U54)="","",INDEX(SessionReviewTable[Responsible Consultant],Setup!$U54))) -> Dr Dummy 08 | F61: =IF(Setup!$U54="","",IF(INDEX(SessionReviewTable[Slot Start Time],Setup!$U54)="","",INDEX(SessionReviewTable[Slot Start Time],Setup!$U54))) -> 46259.333 | G61: =IF(Setup!$U54="","",IF(INDEX(SessionReviewTable[Slot End Time],Setup!$U54)="","",INDEX(SessionReviewTable[Slot End Time],Setup!$U54))) -> 46259.625 | H61: =IF(Setup!$U54="","",IF(INDEX(SessionReviewTable[First Actual Start],Setup!$U54)="","",INDEX(SessionReviewTable[First Actual Start],Setup!$U54))) -> 46259.339 | I61: =IF(Setup!$U54="","",IF(INDEX(SessionReviewTable[Last Actual End],Setup!$U54)="","",INDEX(SessionReviewTable[Last Actual End],Setup!$U54))) -> 46259.61 | J61: =IF(Setup!$U54="","",IF(INDEX(SessionReviewTable[No of Patients],Setup!$U54)="","",INDEX(SessionReviewTable[No of Patients],Setup!$U54))) -> 4 | K61: =IF(Setup!$U54="","",IF(INDEX(SessionReviewTable[Run Minutes],Setup!$U54)="","",INDEX(SessionReviewTable[Run Minutes],Setup!$U54))) -> 390 | L61: =IF(Setup!$U54="","",IF(INDEX(SessionReviewTable[Op Minutes],Setup!$U54)="","",INDEX(SessionReviewTable[Op Minutes],Setup!$U54))) -> 261 | M61: =IF(Setup!$U54="","",IF(INDEX(SessionReviewTable[Start Type],Setup!$U54)="","",INDEX(SessionReviewTable[Start Type],Setup!$U54))) -> On Time | N61: =IF(Setup!$U54="","",IF(INDEX(SessionReviewTable[Finish Type],Setup!$U54)="","",INDEX(SessionReviewTable[Finish Type],Setup!$U54))) -> Early Finish | O61: =IF(Setup!$U54="","",IF(INDEX(SessionReviewTable[Timing Notes],Setup!$U54)="","None",HYPERLINK("#'Review Data'!AD"&(Setup!$U54+5),"Open notes"))) -> None | P61: =IF(Setup!$U54="","",IF(INDEX(SessionReviewTable[Patients Excluded - Missing Times],Setup!$U54)="","",INDEX(SessionReviewTable[Patients Excluded - Missing Times],Setup!$U54))) -> 0 | Q61: =IF(Setup!$U54="","",IF(INDEX(SessionReviewTable[Scheduling Notes],Setup!$U54)="","None",HYPERLINK("#'Review Data'!BH"&(Setup!$U54+5),"Open notes"))) -> None
B62: =IF(Setup!$U55="","",IF(INDEX(SessionReviewTable[Procedure Date],Setup!$U55)="","",INDEX(SessionReviewTable[Procedure Date],Setup!$U55))) -> 46260 | C62: =IF(Setup!$U55="","",IF(INDEX(SessionReviewTable[Operating Theatre],Setup!$U55)="","",INDEX(SessionReviewTable[Operating Theatre],Setup!$U55))) -> ST CAH MAIN THEATRE 7 | D62: =IF(Setup!$U55="","",IF(INDEX(SessionReviewTable[Session Specialty],Setup!$U55)="","",INDEX(SessionReviewTable[Session Specialty],Setup!$U55))) -> ENT | E62: =IF(Setup!$U55="","",IF(INDEX(SessionReviewTable[Responsible Consultant],Setup!$U55)="","",INDEX(SessionReviewTable[Responsible Consultant],Setup!$U55))) -> Dr Dummy 20 | F62: =IF(Setup!$U55="","",IF(INDEX(SessionReviewTable[Slot Start Time],Setup!$U55)="","",INDEX(SessionReviewTable[Slot Start Time],Setup!$U55))) -> 46260.333 | G62: =IF(Setup!$U55="","",IF(INDEX(SessionReviewTable[Slot End Time],Setup!$U55)="","",INDEX(SessionReviewTable[Slot End Time],Setup!$U55))) -> 46260.479 | H62: =IF(Setup!$U55="","",IF(INDEX(SessionReviewTable[First Actual Start],Setup!$U55)="","",INDEX(SessionReviewTable[First Actual Start],Setup!$U55))) -> 46260.337 | I62: =IF(Setup!$U55="","",IF(INDEX(SessionReviewTable[Last Actual End],Setup!$U55)="","",INDEX(SessionReviewTable[Last Actual End],Setup!$U55))) -> 46260.46 | J62: =IF(Setup!$U55="","",IF(INDEX(SessionReviewTable[No of Patients],Setup!$U55)="","",INDEX(SessionReviewTable[No of Patients],Setup!$U55))) -> 4 | K62: =IF(Setup!$U55="","",IF(INDEX(SessionReviewTable[Run Minutes],Setup!$U55)="","",INDEX(SessionReviewTable[Run Minutes],Setup!$U55))) -> 178 | L62: =IF(Setup!$U55="","",IF(INDEX(SessionReviewTable[Op Minutes],Setup!$U55)="","",INDEX(SessionReviewTable[Op Minutes],Setup!$U55))) -> 105 | M62: =IF(Setup!$U55="","",IF(INDEX(SessionReviewTable[Start Type],Setup!$U55)="","",INDEX(SessionReviewTable[Start Type],Setup!$U55))) -> On Time | N62: =IF(Setup!$U55="","",IF(INDEX(SessionReviewTable[Finish Type],Setup!$U55)="","",INDEX(SessionReviewTable[Finish Type],Setup!$U55))) -> Early Finish | O62: =IF(Setup!$U55="","",IF(INDEX(SessionReviewTable[Timing Notes],Setup!$U55)="","None",HYPERLINK("#'Review Data'!AD"&(Setup!$U55+5),"Open notes"))) -> None | P62: =IF(Setup!$U55="","",IF(INDEX(SessionReviewTable[Patients Excluded - Missing Times],Setup!$U55)="","",INDEX(SessionReviewTable[Patients Excluded - Missing Times],Setup!$U55))) -> 0 | Q62: =IF(Setup!$U55="","",IF(INDEX(SessionReviewTable[Scheduling Notes],Setup!$U55)="","None",HYPERLINK("#'Review Data'!BH"&(Setup!$U55+5),"Open notes"))) -> None
B63: =IF(Setup!$U56="","",IF(INDEX(SessionReviewTable[Procedure Date],Setup!$U56)="","",INDEX(SessionReviewTable[Procedure Date],Setup!$U56))) -> 46260 | C63: =IF(Setup!$U56="","",IF(INDEX(SessionReviewTable[Operating Theatre],Setup!$U56)="","",INDEX(SessionReviewTable[Operating Theatre],Setup!$U56))) -> ST CAH MAIN THEATRE 2 | D63: =IF(Setup!$U56="","",IF(INDEX(SessionReviewTable[Session Specialty],Setup!$U56)="","",INDEX(SessionReviewTable[Session Specialty],Setup!$U56))) -> ENT | E63: =IF(Setup!$U56="","",IF(INDEX(SessionReviewTable[Responsible Consultant],Setup!$U56)="","",INDEX(SessionReviewTable[Responsible Consultant],Setup!$U56))) -> Dr Dummy 24 | F63: =IF(Setup!$U56="","",IF(INDEX(SessionReviewTable[Slot Start Time],Setup!$U56)="","",INDEX(SessionReviewTable[Slot Start Time],Setup!$U56))) -> 46260.312 | G63: =IF(Setup!$U56="","",IF(INDEX(SessionReviewTable[Slot End Time],Setup!$U56)="","",INDEX(SessionReviewTable[Slot End Time],Setup!$U56))) -> 46260.646 | H63: =IF(Setup!$U56="","",IF(INDEX(SessionReviewTable[First Actual Start],Setup!$U56)="","",INDEX(SessionReviewTable[First Actual Start],Setup!$U56))) -> 46260.319 | I63: =IF(Setup!$U56="","",IF(INDEX(SessionReviewTable[Last Actual End],Setup!$U56)="","",INDEX(SessionReviewTable[Last Actual End],Setup!$U56))) -> 46260.616 | J63: =IF(Setup!$U56="","",IF(INDEX(SessionReviewTable[No of Patients],Setup!$U56)="","",INDEX(SessionReviewTable[No of Patients],Setup!$U56))) -> 4 | K63: =IF(Setup!$U56="","",IF(INDEX(SessionReviewTable[Run Minutes],Setup!$U56)="","",INDEX(SessionReviewTable[Run Minutes],Setup!$U56))) -> 427 | L63: =IF(Setup!$U56="","",IF(INDEX(SessionReviewTable[Op Minutes],Setup!$U56)="","",INDEX(SessionReviewTable[Op Minutes],Setup!$U56))) -> 327 | M63: =IF(Setup!$U56="","",IF(INDEX(SessionReviewTable[Start Type],Setup!$U56)="","",INDEX(SessionReviewTable[Start Type],Setup!$U56))) -> On Time | N63: =IF(Setup!$U56="","",IF(INDEX(SessionReviewTable[Finish Type],Setup!$U56)="","",INDEX(SessionReviewTable[Finish Type],Setup!$U56))) -> Early Finish | O63: =IF(Setup!$U56="","",IF(INDEX(SessionReviewTable[Timing Notes],Setup!$U56)="","None",HYPERLINK("#'Review Data'!AD"&(Setup!$U56+5),"Open notes"))) -> None | P63: =IF(Setup!$U56="","",IF(INDEX(SessionReviewTable[Patients Excluded - Missing Times],Setup!$U56)="","",INDEX(SessionReviewTable[Patients Excluded - Missing Times],Setup!$U56))) -> 0 | Q63: =IF(Setup!$U56="","",IF(INDEX(SessionReviewTable[Scheduling Notes],Setup!$U56)="","None",HYPERLINK("#'Review Data'!BH"&(Setup!$U56+5),"Open notes"))) -> None
B64: =IF(Setup!$U57="","",IF(INDEX(SessionReviewTable[Procedure Date],Setup!$U57)="","",INDEX(SessionReviewTable[Procedure Date],Setup!$U57))) -> 46260 | C64: =IF(Setup!$U57="","",IF(INDEX(SessionReviewTable[Operating Theatre],Setup!$U57)="","",INDEX(SessionReviewTable[Operating Theatre],Setup!$U57))) -> CAH DPU 1 | D64: =IF(Setup!$U57="","",IF(INDEX(SessionReviewTable[Session Specialty],Setup!$U57)="","",INDEX(SessionReviewTable[Session Specialty],Setup!$U57))) -> Gynaecology | E64: =IF(Setup!$U57="","",IF(INDEX(SessionReviewTable[Responsible Consultant],Setup!$U57)="","",INDEX(SessionReviewTable[Responsible Consultant],Setup!$U57))) -> Dr Dummy 09 | F64: =IF(Setup!$U57="","",IF(INDEX(SessionReviewTable[Slot Start Time],Setup!$U57)="","",INDEX(SessionReviewTable[Slot Start Time],Setup!$U57))) -> 46260.562 | G64: =IF(Setup!$U57="","",IF(INDEX(SessionReviewTable[Slot End Time],Setup!$U57)="","",INDEX(SessionReviewTable[Slot End Time],Setup!$U57))) -> 46260.729 | H64: =IF(Setup!$U57="","",IF(INDEX(SessionReviewTable[First Actual Start],Setup!$U57)="","",INDEX(SessionReviewTable[First Actual Start],Setup!$U57))) -> 46260.569 | I64: =IF(Setup!$U57="","",IF(INDEX(SessionReviewTable[Last Actual End],Setup!$U57)="","",INDEX(SessionReviewTable[Last Actual End],Setup!$U57))) -> 46260.72 | J64: =IF(Setup!$U57="","",IF(INDEX(SessionReviewTable[No of Patients],Setup!$U57)="","",INDEX(SessionReviewTable[No of Patients],Setup!$U57))) -> 4 | K64: =IF(Setup!$U57="","",IF(INDEX(SessionReviewTable[Run Minutes],Setup!$U57)="","",INDEX(SessionReviewTable[Run Minutes],Setup!$U57))) -> 217 | L64: =IF(Setup!$U57="","",IF(INDEX(SessionReviewTable[Op Minutes],Setup!$U57)="","",INDEX(SessionReviewTable[Op Minutes],Setup!$U57))) -> 129 | M64: =IF(Setup!$U57="","",IF(INDEX(SessionReviewTable[Start Type],Setup!$U57)="","",INDEX(SessionReviewTable[Start Type],Setup!$U57))) -> On Time | N64: =IF(Setup!$U57="","",IF(INDEX(SessionReviewTable[Finish Type],Setup!$U57)="","",INDEX(SessionReviewTable[Finish Type],Setup!$U57))) -> Early Finish | O64: =IF(Setup!$U57="","",IF(INDEX(SessionReviewTable[Timing Notes],Setup!$U57)="","None",HYPERLINK("#'Review Data'!AD"&(Setup!$U57+5),"Open notes"))) -> None | P64: =IF(Setup!$U57="","",IF(INDEX(SessionReviewTable[Patients Excluded - Missing Times],Setup!$U57)="","",INDEX(SessionReviewTable[Patients Excluded - Missing Times],Setup!$U57))) -> 0 | Q64: =IF(Setup!$U57="","",IF(INDEX(SessionReviewTable[Scheduling Notes],Setup!$U57)="","None",HYPERLINK("#'Review Data'!BH"&(Setup!$U57+5),"Open notes"))) -> None
B66: Every selected session is available through the page control. Open notes links to the complete timing or scheduling notes on Review Data.
B68: Return to Weekly Review

Sheet Sessions
B2: Sessions | one row per theatre slot
B3: One row per session. The Utilisation - Detail by Theatre uses Pivot Data to return session or patient records when you double-click a count.
B5: Hospital | C5: Theatre Type | D5: Operating Theatre | E5: Session Duration | F5: Month | G5: Financial Year | H5: Service Area | I5: Session Specialty | J5: Patients Excluded - Missing Times | K5: No of Sessions | L5: No of Patients | M5: Location | N5: Procedure Date | O5: Slot Start Time | P5: Slot End Time | Q5: Source Files | R5: Procedure Rows | S5: Missing Patient IDs | T5: Mixed Session Specialty
B6: Craigavon | C6: DPU | D6: CAH DPU 1 | E6: 180 | F6: 46174 | G6: 26/27 | H6: Hsc Southern Trust | I6: Gynaecology | J6: 0 | K6: 1 | L6: 4 | M6: St Cah Day Procedure Unit | N6: 46174 | O6: 46174.542 | P6: 46174.667 | Q6: JUNE-26-dummy-data.xlsx | R6: 4 | S6: 0 | T6: FALSE
B7: Craigavon | C7: DPU | D7: CAH DPU 1 | E7: 180 | F7: 46204 | G7: 26/27 | H7: Hsc Southern Trust | I7: Urology | J7: 0 | K7: 1 | L7: 4 | M7: St Cah Day Procedure Unit | N7: 46204 | O7: 46204.542 | P7: 46204.667 | Q7: JULY-26-dummy-data.xlsx | R7: 4 | S7: 0 | T7: FALSE
B8: Craigavon | C8: DPU | D8: CAH DPU 1 | E8: 210 | F8: 46204 | G8: 26/27 | H8: Hsc Southern Trust | I8: ENT | J8: 0 | K8: 1 | L8: 4 | M8: St Cah Day Procedure Unit | N8: 46217 | O8: 46217.562 | P8: 46217.708 | Q8: JULY-26-dummy-data.xlsx | R8: 4 | S8: 0 | T8: FALSE
B9: Craigavon | C9: DPU | D9: CAH DPU 1 | E9: 210 | F9: 46204 | G9: 26/27 | H9: Hsc Southern Trust | I9: Urology | J9: 0 | K9: 1 | L9: 4 | M9: St Cah Day Procedure Unit | N9: 46233 | O9: 46233.562 | P9: 46233.708 | Q9: JULY-26-dummy-data.xlsx | R9: 4 | S9: 0 | T9: FALSE
B10: Craigavon | C10: DPU | D10: CAH DPU 1 | E10: 210 | F10: 46235 | G10: 26/27 | H10: Hsc Southern Trust | I10: Gynaecology | J10: 0 | K10: 1 | L10: 4 | M10: St Cah Day Procedure Unit | N10: 46239 | O10: 46239.354 | P10: 46239.5 | Q10: AUGUST-26-dummy-data.xlsx | R10: 4 | S10: 0 | T10: FALSE
B11: Craigavon | C11: DPU | D11: CAH DPU 1 | E11: 240 | F11: 46174 | G11: 26/27 | H11: Hsc Southern Trust | I11: Oral and Maxillofacial Surgery | J11: 0 | K11: 1 | L11: 4 | M11: St Cah Day Procedure Unit | N11: 46175 | O11: 46175.375 | P11: 46175.542 | Q11: JUNE-26-dummy-data.xlsx | R11: 4 | S11: 0 | T11: FALSE
B12: Craigavon | C12: DPU | D12: CAH DPU 1 | E12: 240 | F12: 46174 | G12: 26/27 | H12: Hsc Southern Trust | I12: ENT | J12: 0 | K12: 1 | L12: 4 | M12: St Cah Day Procedure Unit | N12: 46176 | O12: 46176.375 | P12: 46176.542 | Q12: JUNE-26-dummy-data.xlsx | R12: 4 | S12: 0 | T12: FALSE
B13: Craigavon | C13: DPU | D13: CAH DPU 1 | E13: 240 | F13: 46204 | G13: 26/27 | H13: Hsc Southern Trust | I13: Urology | J13: 0 | K13: 1 | L13: 4 | M13: St Cah Day Procedure Unit | N13: 46214 | O13: 46214.333 | P13: 46214.5 | Q13: JULY-26-dummy-data.xlsx | R13: 4 | S13: 0 | T13: FALSE
B14: Craigavon | C14: DPU | D14: CAH DPU 1 | E14: 240 | F14: 46204 | G14: 26/27 | H14: Hsc Southern Trust | I14: Gynaecology | J14: 0 | K14: 1 | L14: 4 | M14: St Cah Day Procedure Unit | N14: 46220 | O14: 46220.333 | P14: 46220.5 | Q14: JULY-26-dummy-data.xlsx | R14: 4 | S14: 0 | T14: FALSE
B15: Craigavon | C15: DPU | D15: CAH DPU 1 | E15: 240 | F15: 46235 | G15: 26/27 | H15: Hsc Southern Trust | I15: Gynaecology | J15: 0 | K15: 1 | L15: 4 | M15: St Cah Day Procedure Unit | N15: 46248 | O15: 46248.354 | P15: 46248.521 | Q15: AUGUST-26-dummy-data.xlsx | R15: 4 | S15: 0 | T15: FALSE
B16: Craigavon | C16: DPU | D16: CAH DPU 1 | E16: 240 | F16: 46235 | G16: 26/27 | H16: Hsc Southern Trust | I16: General Surgery | J16: 0 | K16: 1 | L16: 4 | M16: St Cah Day Procedure Unit | N16: 46250 | O16: 46250.562 | P16: 46250.729 | Q16: AUGUST-26-dummy-data.xlsx | R16: 4 | S16: 0 | T16: FALSE
B17: Craigavon | C17: DPU | D17: CAH DPU 1 | E17: 240 | F17: 46235 | G17: 26/27 | H17: Hsc Southern Trust | I17: Gynaecology | J17: 0 | K17: 1 | L17: 4 | M17: St Cah Day Procedure Unit | N17: 46260 | O17: 46260.562 | P17: 46260.729 | Q17: AUGUST-26-dummy-data.xlsx | R17: 4 | S17: 0 | T17: FALSE
... B1019: South Tyrone | C1019: DPU | D1019: STY DPU 1 | E1019: 540 | F1019: 46235 | G1019: 26/27 | H1019: Hsc Southern Trust | I1019: Gynaecology | J1019: 0 | K1019: 1 | L1019: 4 | M1019: St Sty Day Procedure Unit | N1019: 46258 | O1019: 46258.333 | P1019: 46258.708 | Q1019: AUGUST-26-dummy-data.xlsx | R1019: 4 | S1019: 0 | T1019: FALSE

Sheet Pivot Data
B2: Records for the drill-down report
B6: Record Type identifies session or patient detail. Count these separately; mixed totals have no meaning.
B7: Patient records are distinct CSNs within each session. Procedure descriptions and log IDs are combined when an encounter has several procedure rows.
B9: Hospital | C9: Theatre Type | D9: Operating Theatre | E9: Session Duration | F9: Month | G9: Financial Year | H9: Service Area | I9: Session Specialty | J9: Record Type | K9: Count | L9: Location | M9: Procedure Date | N9: Slot Start Time | O9: Slot End Time | P9: Patient CSN | Q9: Log IDs | R9: Primary Procedures | S9: Other Procedures | T9: Procedure Specialty | U9: Responsible Consultants | V9: First Procedure Start | W9: Last Procedure End | X9: Patients in Session | Y9: Missing Patient IDs | Z9: Procedure Rows | AA9: Source Files | AB9: Mixed Session Specialty | AC9: Patients Excluded - Missing Times
B10: Craigavon | C10: DPU | D10: CAH DPU 1 | E10: 180 | F10: 46174 | G10: 26/27 | H10: Hsc Southern Trust | I10: Gynaecology | J10: No. of sessions | K10: 1 | L10: St Cah Day Procedure Unit | M10: 46174 | N10: 46174.542 | O10: 46174.667 | X10: 4 | Y10: 0 | Z10: 4 | AA10: JUNE-26-dummy-data.xlsx | AB10: FALSE | AC10: 0
B11: Craigavon | C11: DPU | D11: CAH DPU 1 | E11: 180 | F11: 46174 | G11: 26/27 | H11: Hsc Southern Trust | I11: Gynaecology | J11: No. of patients | K11: 1 | L11: St Cah Day Procedure Unit | M11: 46174 | N11: 46174.542 | O11: 46174.667 | P11: 602375781675 | Q11: 60214801 | R11: Cervical polypectomy | T11: Gynaecology | U11: Dr Dummy 05 | V11: 46174.608 | W11: 46174.624 | Z11: 1 | AA11: JUNE-26-dummy-data.xlsx | AB11: FALSE
B12: Craigavon | C12: DPU | D12: CAH DPU 1 | E12: 180 | F12: 46174 | G12: 26/27 | H12: Hsc Southern Trust | I12: Gynaecology | J12: No. of patients | K12: 1 | L12: St Cah Day Procedure Unit | M12: 46174 | N12: 46174.542 | O12: 46174.667 | P12: 609119249647 | Q12: 60127878 | R12: Hysteroscopy | T12: Gynaecology | U12: Dr Dummy 05 | V12: 46174.547 | W12: 46174.562 | Z12: 1 | AA12: JUNE-26-dummy-data.xlsx | AB12: FALSE
B13: Craigavon | C13: DPU | D13: CAH DPU 1 | E13: 180 | F13: 46174 | G13: 26/27 | H13: Hsc Southern Trust | I13: Gynaecology | J13: No. of patients | K13: 1 | L13: St Cah Day Procedure Unit | M13: 46174 | N13: 46174.542 | O13: 46174.667 | P13: 663727251393 | Q13: 60080198 | R13: Diagnostic laparoscopy | T13: Gynaecology | U13: Dr Dummy 05 | V13: 46174.576 | W13: 46174.588 | Z13: 1 | AA13: JUNE-26-dummy-data.xlsx | AB13: FALSE
B14: Craigavon | C14: DPU | D14: CAH DPU 1 | E14: 180 | F14: 46174 | G14: 26/27 | H14: Hsc Southern Trust | I14: Gynaecology | J14: No. of patients | K14: 1 | L14: St Cah Day Procedure Unit | M14: 46174 | N14: 46174.542 | O14: 46174.667 | P14: 685064878639 | Q14: 60122178 | R14: Hysteroscopy | S14: Wound closure | T14: Gynaecology | U14: Dr Dummy 05 | V14: 46174.638 | W14: 46174.655 | Z14: 1 | AA14: JUNE-26-dummy-data.xlsx | AB14: FALSE
B15: Craigavon | C15: DPU | D15: CAH DPU 1 | E15: 180 | F15: 46204 | G15: 26/27 | H15: Hsc Southern Trust | I15: Urology | J15: No. of sessions | K15: 1 | L15: St Cah Day Procedure Unit | M15: 46204 | N15: 46204.542 | O15: 46204.667 | X15: 4 | Y15: 0 | Z15: 4 | AA15: JULY-26-dummy-data.xlsx | AB15: FALSE | AC15: 0
B16: Craigavon | C16: DPU | D16: CAH DPU 1 | E16: 180 | F16: 46204 | G16: 26/27 | H16: Hsc Southern Trust | I16: Urology | J16: No. of patients | K16: 1 | L16: St Cah Day Procedure Unit | M16: 46204 | N16: 46204.542 | O16: 46204.667 | P16: 733070540241 | Q16: 70193808 | R16: Ureteroscopy | S16: Local anaesthetic infiltration | T16: Urology | U16: Dr Dummy 05 | V16: 46204.55 | W16: 46204.567 | Z16: 1 | AA16: JULY-26-dummy-data.xlsx | AB16: FALSE
B17: Craigavon | C17: DPU | D17: CAH DPU 1 | E17: 180 | F17: 46204 | G17: 26/27 | H17: Hsc Southern Trust | I17: Urology | J17: No. of patients | K17: 1 | L17: St Cah Day Procedure Unit | M17: 46204 | N17: 46204.542 | O17: 46204.667 | P17: 739040074543 | Q17: 70011061 | R17: Bladder biopsy | S17: Tissue biopsy | T17: Urology | U17: Dr Dummy 05 | V17: 46204.638 | W17: 46204.657 | Z17: 1 | AA17: JULY-26-dummy-data.xlsx | AB17: FALSE
B18: Craigavon | C18: DPU | D18: CAH DPU 1 | E18: 180 | F18: 46204 | G18: 26/27 | H18: Hsc Southern Trust | I18: Urology | J18: No. of patients | K18: 1 | L18: St Cah Day Procedure Unit | M18: 46204 | N18: 46204.542 | O18: 46204.667 | P18: 786597332334 | Q18: 70144635 | R18: Ureteroscopy | T18: Urology | U18: Dr Dummy 05 | V18: 46204.578 | W18: 46204.59 | Z18: 1 | AA18: JULY-26-dummy-data.xlsx | AB18: FALSE
B19: Craigavon | C19: DPU | D19: CAH DPU 1 | E19: 180 | F19: 46204 | G19: 26/27 | H19: Hsc Southern Trust | I19: Urology | J19: No. of patients | K19: 1 | L19: St Cah Day Procedure Unit | M19: 46204 | N19: 46204.542 | O19: 46204.667 | P19: 790061170024 | Q19: 70277930 | R19: Ureteric stent insertion | S19: Local anaesthetic infiltration | T19: Urology | U19: Dr Dummy 05 | V19: 46204.611 | W19: 46204.628 | Z19: 1 | AA19: JULY-26-dummy-data.xlsx | AB19: FALSE
B20: Craigavon | C20: DPU | D20: CAH DPU 1 | E20: 210 | F20: 46204 | G20: 26/27 | H20: Hsc Southern Trust | I20: ENT | J20: No. of sessions | K20: 1 | L20: St Cah Day Procedure Unit | M20: 46217 | N20: 46217.562 | O20: 46217.708 | X20: 4 | Y20: 0 | Z20: 4 | AA20: JULY-26-dummy-data.xlsx | AB20: FALSE | AC20: 0
B21: Craigavon | C21: DPU | D21: CAH DPU 1 | E21: 210 | F21: 46204 | G21: 26/27 | H21: Hsc Southern Trust | I21: ENT | J21: No. of patients | K21: 1 | L21: St Cah Day Procedure Unit | M21: 46217 | N21: 46217.562 | O21: 46217.708 | P21: 722831100411 | Q21: 70183058 | R21: Adenoidectomy | T21: ENT | U21: Dr Dummy 24 | V21: 46217.602 | W21: 46217.624 | Z21: 1 | AA21: JULY-26-dummy-data.xlsx | AB21: FALSE
B22: Craigavon | C22: DPU | D22: CAH DPU 1 | E22: 210 | F22: 46204 | G22: 26/27 | H22: Hsc Southern Trust | I22: ENT | J22: No. of patients | K22: 1 | L22: St Cah Day Procedure Unit | M22: 46217 | N22: 46217.562 | O22: 46217.708 | P22: 731211612745 | Q22: 70099938 | R22: Adenoidectomy | S22: Wound closure | T22: ENT | U22: Dr Dummy 24 | V22: 46217.641 | W22: 46217.657 | Z22: 1 | AA22: JULY-26-dummy-data.xlsx | AB22: FALSE
B23: Craigavon | C23: DPU | D23: CAH DPU 1 | E23: 210 | F23: 46204 | G23: 26/27 | H23: Hsc Southern Trust | I23: ENT | J23: No. of patients | K23: 1 | L23: St Cah Day Procedure Unit | M23: 46217 | N23: 46217.562 | O23: 46217.708 | P23: 731577400979 | Q23: 70290916 | R23: Tonsillectomy | S23: Tissue biopsy | T23: ENT | U23: Dr Dummy 24 | V23: 46217.565 | W23: 46217.581 | Z23: 1 | AA23: JULY-26-dummy-data.xlsx | AB23: FALSE
B24: Craigavon | C24: DPU | D24: CAH DPU 1 | E24: 210 | F24: 46204 | G24: 26/27 | H24: Hsc Southern Trust | I24: ENT | J24: No. of patients | K24: 1 | L24: St Cah Day Procedure Unit | M24: 46217 | N24: 46217.562 | O24: 46217.708 | P24: 775551324127 | Q24: 70274202 | R24: Adenoidectomy | T24: ENT | U24: Dr Dummy 24 | V24: 46217.676 | W24: 46217.694 | Z24: 1 | AA24: JULY-26-dummy-data.xlsx | AB24: FALSE
B25: Craigavon | C25: DPU | D25: CAH DPU 1 | E25: 210 | F25: 46204 | G25: 26/27 | H25: Hsc Southern Trust | I25: Urology | J25: No. of sessions | K25: 1 | L25: St Cah Day Procedure Unit | M25: 46233 | N25: 46233.562 | O25: 46233.708 | X25: 4 | Y25: 0 | Z25: 4 | AA25: JULY-26-dummy-data.xlsx | AB25: FALSE | AC25: 0
B26: Craigavon | C26: DPU | D26: CAH DPU 1 | E26: 210 | F26: 46204 | G26: 26/27 | H26: Hsc Southern Trust | I26: Urology | J26: No. of patients | K26: 1 | L26: St Cah Day Procedure Unit | M26: 46233 | N26: 46233.562 | O26: 46233.708 | P26: 702607326279 | Q26: 70250145 | R26: Bladder biopsy | T26: Urology | U26: Dr Dummy 06 | V26: 46233.639 | W26: 46233.658 | Z26: 1 | AA26: JULY-26-dummy-data.xlsx | AB26: FALSE
B27: Craigavon | C27: DPU | D27: CAH DPU 1 | E27: 210 | F27: 46204 | G27: 26/27 | H27: Hsc Southern Trust | I27: Urology | J27: No. of patients | K27: 1 | L27: St Cah Day Procedure Unit | M27: 46233 | N27: 46233.562 | O27: 46233.708 | P27: 765542487147 | Q27: 70096081 | R27: Flexible cystoscopy | T27: Urology | U27: Dr Dummy 06 | V27: 46233.57 | W27: 46233.588 | Z27: 1 | AA27: JULY-26-dummy-data.xlsx | AB27: FALSE
B28: Craigavon | C28: DPU | D28: CAH DPU 1 | E28: 210 | F28: 46204 | G28: 26/27 | H28: Hsc Southern Trust | I28: Urology | J28: No. of patients | K28: 1 | L28: St Cah Day Procedure Unit | M28: 46233 | N28: 46233.562 | O28: 46233.708 | P28: 775965433078 | Q28: 70258306 | R28: Circumcision | S28: Wound closure | T28: Urology | U28: Dr Dummy 06 | V28: 46233.672 | W28: 46233.696 | Z28: 1 | AA28: JULY-26-dummy-data.xlsx | AB28: FALSE
B29: Craigavon | C29: DPU | D29: CAH DPU 1 | E29: 210 | F29: 46204 | G29: 26/27 | H29: Hsc Southern Trust | I29: Urology | J29: No. of patients | K29: 1 | L29: St Cah Day Procedure Unit | M29: 46233 | N29: 46233.562 | O29: 46233.708 | P29: 781501584033 | Q29: 70143314 | R29: Ureteric stent insertion | S29: Local anaesthetic infiltration | T29: Urology | U29: Dr Dummy 06 | V29: 46233.603 | W29: 46233.624 | Z29: 1 | AA29: JULY-26-dummy-data.xlsx | AB29: FALSE
B30: Craigavon | C30: DPU | D30: CAH DPU 1 | E30: 210 | F30: 46235 | G30: 26/27 | H30: Hsc Southern Trust | I30: Gynaecology | J30: No. of sessions | K30: 1 | L30: St Cah Day Procedure Unit | M30: 46239 | N30: 46239.354 | O30: 46239.5 | X30: 4 | Y30: 0 | Z30: 4 | AA30: AUGUST-26-dummy-data.xlsx | AB30: FALSE | AC30: 0
B31: Craigavon | C31: DPU | D31: CAH DPU 1 | E31: 210 | F31: 46235 | G31: 26/27 | H31: Hsc Southern Trust | I31: Gynaecology | J31: No. of patients | K31: 1 | L31: St Cah Day Procedure Unit | M31: 46239 | N31: 46239.354 | O31: 46239.5 | P31: 916693267552 | Q31: 954336 | R31: Endometrial biopsy | T31: Gynaecology | U31: Dr Dummy 03 | V31: 46239.428 | W31: 46239.453 | Z31: 1 | AA31: AUGUST-26-dummy-data.xlsx | AB31: FALSE
B32: Craigavon | C32: DPU | D32: CAH DPU 1 | E32: 210 | F32: 46235 | G32: 26/27 | H32: Hsc Southern Trust | I32: Gynaecology | J32: No. of patients | K32: 1 | L32: St Cah Day Procedure Unit | M32: 46239 | N32: 46239.354 | O32: 46239.5 | P32: 923189390520 | Q32: 831588 | R32: Diagnostic laparoscopy | S32: Local anaesthetic infiltration | T32: Gynaecology | U32: Dr Dummy 03 | V32: 46239.397 | W32: 46239.408 | Z32: 1 | AA32: AUGUST-26-dummy-data.xlsx | AB32: FALSE
B33: Craigavon | C33: DPU | D33: CAH DPU 1 | E33: 210 | F33: 46235 | G33: 26/27 | H33: Hsc Southern Trust | I33: Gynaecology | J33: No. of patients | K33: 1 | L33: St Cah Day Procedure Unit | M33: 46239 | N33: 46239.354 | O33: 46239.5 | P33: 956440181168 | Q33: 748499 | R33: Diagnostic laparoscopy | T33: Gynaecology | U33: Dr Dummy 03 | V33: 46239.362 | W33: 46239.381 | Z33: 1 | AA33: AUGUST-26-dummy-data.xlsx | AB33: FALSE
B34: Craigavon | C34: DPU | D34: CAH DPU 1 | E34: 210 | F34: 46235 | G34: 26/27 | H34: Hsc Southern Trust | I34: Gynaecology | J34: No. of patients | K34: 1 | L34: St Cah Day Procedure Unit | M34: 46239 | N34: 46239.354 | O34: 46239.5 | P34: 962143963341 | Q34: 712568 | R34: Cervical polypectomy | S34: Wound dressing | T34: Gynaecology | U34: Dr Dummy 03 | V34: 46239.468 | W34: 46239.485 | Z34: 1 | AA34: AUGUST-26-dummy-data.xlsx | AB34: FALSE
B35: Craigavon | C35: DPU | D35: CAH DPU 1 | E35: 240 | F35: 46174 | G35: 26/27 | H35: Hsc Southern Trust | I35: Oral and Maxillofacial Surgery | J35: No. of sessions | K35: 1 | L35: St Cah Day Procedure Unit | M35: 46175 | N35: 46175.375 | O35: 46175.542 | X35: 4 | Y35: 0 | Z35: 4 | AA35: JUNE-26-dummy-data.xlsx | AB35: FALSE | AC35: 0
B36: Craigavon | C36: DPU | D36: CAH DPU 1 | E36: 240 | F36: 46174 | G36: 26/27 | H36: Hsc Southern Trust | I36: Oral and Maxillofacial Surgery | J36: No. of patients | K36: 1 | L36: St Cah Day Procedure Unit | M36: 46175 | N36: 46175.375 | O36: 46175.542 | P36: 625944485887 | Q36: 60206937 | R36: Oral lesion biopsy | T36: Oral and Maxillofacial Surgery | U36: Dr Dummy 07 | V36: 46175.508 | W36: 46175.531 | Z36: 1 | AA36: JUNE-26-dummy-data.xlsx | AB36: FALSE
B37: Craigavon | C37: DPU | D37: CAH DPU 1 | E37: 240 | F37: 46174 | G37: 26/27 | H37: Hsc Southern Trust | I37: Oral and Maxillofacial Surgery | J37: No. of patients | K37: 1 | L37: St Cah Day Procedure Unit | M37: 46175 | N37: 46175.375 | O37: 46175.542 | P37: 643037214991 | Q37: 60131671 | R37: Wisdom tooth extraction | S37: Tissue biopsy | T37: Oral and Maxillofacial Surgery | U37: Dr Dummy 07 | V37: 46175.423 | W37: 46175.447 | Z37: 1 | AA37: JUNE-26-dummy-data.xlsx | AB37: FALSE
B38: Craigavon | C38: DPU | D38: CAH DPU 1 | E38: 240 | F38: 46174 | G38: 26/27 | H38: Hsc Southern Trust | I38: Oral and Maxillofacial Surgery | J38: No. of patients | K38: 1 | L38: St Cah Day Procedure Unit | M38: 46175 | N38: 46175.375 | O38: 46175.542 | P38: 662056552059 | Q38: 60017773 | R38: Surgical tooth extraction | T38: Oral and Maxillofacial Surgery | U38: Dr Dummy 07 | V38: 46175.461 | W38: 46175.485 | Z38: 1 | AA38: JUNE-26-dummy-data.xlsx | AB38: FALSE
B39: Craigavon | C39: DPU | D39: CAH DPU 1 | E39: 240 | F39: 46174 | G39: 26/27 | H39: Hsc Southern Trust | I39: Oral and Maxillofacial Surgery | J39: No. of patients | K39: 1 | L39: St Cah Day Procedure Unit | M39: 46175 | N39: 46175.375 | O39: 46175.542 | P39: 694231553304 | Q39: 60299618 | R39: Oral lesion biopsy | T39: Oral and Maxillofacial Surgery | U39: Dr Dummy 07 | V39: 46175.381 | W39: 46175.403 | Z39: 1 | AA39: JUNE-26-dummy-data.xlsx | AB39: FALSE
B40: Craigavon | C40: DPU | D40: CAH DPU 1 | E40: 240 | F40: 46174 | G40: 26/27 | H40: Hsc Southern Trust | I40: ENT | J40: No. of sessions | K40: 1 | L40: St Cah Day Procedure Unit | M40: 46176 | N40: 46176.375 | O40: 46176.542 | X40: 4 | Y40: 0 | Z40: 4 | AA40: JUNE-26-dummy-data.xlsx | AB40: FALSE | AC40: 0
B41: Craigavon | C41: DPU | D41: CAH DPU 1 | E41: 240 | F41: 46174 | G41: 26/27 | H41: Hsc Southern Trust | I41: ENT | J41: No. of patients | K41: 1 | L41: St Cah Day Procedure Unit | M41: 46176 | N41: 46176.375 | O41: 46176.542 | P41: 614495146320 | Q41: 60171110 | R41: Tonsillectomy | S41: Diagnostic examination | T41: ENT | U41: Dr Dummy 21 | V41: 46176.383 | W41: 46176.408 | Z41: 1 | AA41: JUNE-26-dummy-data.xlsx | AB41: FALSE
B42: Craigavon | C42: DPU | D42: CAH DPU 1 | E42: 240 | F42: 46174 | G42: 26/27 | H42: Hsc Southern Trust | I42: ENT | J42: No. of patients | K42: 1 | L42: St Cah Day Procedure Unit | M42: 46176 | N42: 46176.375 | O42: 46176.542 | P42: 660190297685 | Q42: 60236589 | R42: Septoplasty | T42: ENT | U42: Dr Dummy 21 | V42: 46176.421 | W42: 46176.442 | Z42: 1 | AA42: JUNE-26-dummy-data.xlsx | AB42: FALSE
B43: Craigavon | C43: DPU | D43: CAH DPU 1 | E43: 240 | F43: 46174 | G43: 26/27 | H43: Hsc Southern Trust | I43: ENT | J43: No. of patients | K43: 1 | L43: St Cah Day Procedure Unit | M43: 46176 | N43: 46176.375 | O43: 46176.542 | P43: 686527586191 | Q43: 60162042 | R43: Septoplasty | T43: ENT | U43: Dr Dummy 21 | V43: 46176.46 | W43: 46176.485 | Z43: 1 | AA43: JUNE-26-dummy-data.xlsx | AB43: FALSE
B44: Craigavon | C44: DPU | D44: CAH DPU 1 | E44: 240 | F44: 46174 | G44: 26/27 | H44: Hsc Southern Trust | I44: ENT | J44: No. of patients | K44: 1 | L44: St Cah Day Procedure Unit | M44: 46176 | N44: 46176.375 | O44: 46176.542 | P44: 690826563932 | Q44: 60029811 | R44: Septoplasty | S44: Wound dressing | T44: ENT | U44: Dr Dummy 21 | V44: 46176.506 | W44: 46176.527 | Z44: 1 | AA44: JUNE-26-dummy-data.xlsx | AB44: FALSE
B45: Craigavon | C45: DPU | D45: CAH DPU 1 | E45: 240 | F45: 46204 | G45: 26/27 | H45: Hsc Southern Trust | I45: Urology | J45: No. of sessions | K45: 1 | L45: St Cah Day Procedure Unit | M45: 46214 | N45: 46214.333 | O45: 46214.5 | X45: 4 | Y45: 0 | Z45: 4 | AA45: JULY-26-dummy-data.xlsx | AB45: FALSE | AC45: 0
B46: Craigavon | C46: DPU | D46: CAH DPU 1 | E46: 240 | F46: 46204 | G46: 26/27 | H46: Hsc Southern Trust | I46: Urology | J46: No. of patients | K46: 1 | L46: St Cah Day Procedure Unit | M46: 46214 | N46: 46214.333 | O46: 46214.5 | P46: 703623374528 | Q46: 70063280 | R46: Ureteric stent insertion | T46: Urology | U46: Dr Dummy 09 | V46: 46214.382 | W46: 46214.406 | Z46: 1 | AA46: JULY-26-dummy-data.xlsx | AB46: FALSE
B47: Craigavon | C47: DPU | D47: CAH DPU 1 | E47: 240 | F47: 46204 | G47: 26/27 | H47: Hsc Southern Trust | I47: Urology | J47: No. of patients | K47: 1 | L47: St Cah Day Procedure Unit | M47: 46214 | N47: 46214.333 | O47: 46214.5 | P47: 754138406714 | Q47: 70165133 | R47: Ureteric stent insertion | T47: Urology | U47: Dr Dummy 09 | V47: 46214.465 | W47: 46214.493 | Z47: 1 | AA47: JULY-26-dummy-data.xlsx | AB47: FALSE
B48: Craigavon | C48: DPU | D48: CAH DPU 1 | E48: 240 | F48: 46204 | G48: 26/27 | H48: Hsc Southern Trust | I48: Urology | J48: No. of patients | K48: 1 | L48: St Cah Day Procedure Unit | M48: 46214 | N48: 46214.333 | O48: 46214.5 | P48: 771145456074 | Q48: 70041638 | R48: Ureteric stent insertion | T48: Urology | U48: Dr Dummy 09 | V48: 46214.338 | W48: 46214.367 | Z48: 1 | AA48: JULY-26-dummy-data.xlsx | AB48: FALSE
B49: Craigavon | C49: DPU | D49: CAH DPU 1 | E49: 240 | F49: 46204 | G49: 26/27 | H49: Hsc Southern Trust | I49: Urology | J49: No. of patients | K49: 1 | L49: St Cah Day Procedure Unit | M49: 46214 | N49: 46214.333 | O49: 46214.5 | P49: 788981109274 | Q49: 70013570 | R49: Flexible cystoscopy | T49: Urology | U49: Dr Dummy 09 | V49: 46214.423 | W49: 46214.447 | Z49: 1 | AA49: JULY-26-dummy-data.xlsx | AB49: FALSE
B50: Craigavon | C50: DPU | D50: CAH DPU 1 | E50: 240 | F50: 46204 | G50: 26/27 | H50: Hsc Southern Trust | I50: Gynaecology | J50: No. of sessions | K50: 1 | L50: St Cah Day Procedure Unit | M50: 46220 | N50: 46220.333 | O50: 46220.5 | X50: 4 | Y50: 0 | Z50: 4 | AA50: JULY-26-dummy-data.xlsx | AB50: FALSE | AC50: 0
B51: Craigavon | C51: DPU | D51: CAH DPU 1 | E51: 240 | F51: 46204 | G51: 26/27 | H51: Hsc Southern Trust | I51: Gynaecology | J51: No. of patients | K51: 1 | L51: St Cah Day Procedure Unit | M51: 46220 | N51: 46220.333 | O51: 46220.5 | P51: 711017996515 | Q51: 70162767 | R51: Cervical polypectomy | T51: Gynaecology | U51: Dr Dummy 05 | V51: 46220.378 | W51: 46220.401 | Z51: 1 | AA51: JULY-26-dummy-data.xlsx | AB51: FALSE
B52: Craigavon | C52: DPU | D52: CAH DPU 1 | E52: 240 | F52: 46204 | G52: 26/27 | H52: Hsc Southern Trust | I52: Gynaecology | J52: No. of patients | K52: 1 | L52: St Cah Day Procedure Unit | M52: 46220 | N52: 46220.333 | O52: 46220.5 | P52: 715204429882 | Q52: 70231770 | R52: Cervical polypectomy | T52: Gynaecology | U52: Dr Dummy 05 | V52: 46220.342 | W52: 46220.361 | Z52: 1 | AA52: JULY-26-dummy-data.xlsx | AB52: FALSE
B53: Craigavon | C53: DPU | D53: CAH DPU 1 | E53: 240 | F53: 46204 | G53: 26/27 | H53: Hsc Southern Trust | I53: Gynaecology | J53: No. of patients | K53: 1 | L53: St Cah Day Procedure Unit | M53: 46220 | N53: 46220.333 | O53: 46220.5 | P53: 717684973100 | Q53: 70010373 | R53: Cervical polypectomy | T53: Gynaecology | U53: Dr Dummy 05 | V53: 46220.465 | W53: 46220.487 | Z53: 1 | AA53: JULY-26-dummy-data.xlsx | AB53: FALSE
B54: Craigavon | C54: DPU | D54: CAH DPU 1 | E54: 240 | F54: 46204 | G54: 26/27 | H54: Hsc Southern Trust | I54: Gynaecology | J54: No. of patients | K54: 1 | L54: St Cah Day Procedure Unit | M54: 46220 | N54: 46220.333 | O54: 46220.5 | P54: 796803683670 | Q54: 70225507 | R54: Hysteroscopy | T54: Gynaecology | U54: Dr Dummy 05 | V54: 46220.424 | W54: 46220.447 | Z54: 1 | AA54: JULY-26-dummy-data.xlsx | AB54: FALSE
B55: Craigavon | C55: DPU | D55: CAH DPU 1 | E55: 240 | F55: 46235 | G55: 26/27 | H55: Hsc Southern Trust | I55: Gynaecology | J55: No. of sessions | K55: 1 | L55: St Cah Day Procedure Unit | M55: 46248 | N55: 46248.354 | O55: 46248.521 | X55: 4 | Y55: 0 | Z55: 4 | AA55: AUGUST-26-dummy-data.xlsx | AB55: FALSE | AC55: 0
B56: Craigavon | C56: DPU | D56: CAH DPU 1 | E56: 240 | F56: 46235 | G56: 26/27 | H56: Hsc Southern Trust | I56: Gynaecology | J56: No. of patients | K56: 1 | L56: St Cah Day Procedure Unit | M56: 46248 | N56: 46248.354 | O56: 46248.521 | P56: 906903097149 | Q56: 704170 | R56: Endometrial biopsy | T56: Gynaecology | U56: Dr Dummy 07 | V56: 46248.359 | W56: 46248.383 | Z56: 1 | AA56: AUGUST-26-dummy-data.xlsx | AB56: FALSE
B57: Craigavon | C57: DPU | D57: CAH DPU 1 | E57: 240 | F57: 46235 | G57: 26/27 | H57: Hsc Southern Trust | I57: Gynaecology | J57: No. of patients | K57: 1 | L57: St Cah Day Procedure Unit | M57: 46248 | N57: 46248.354 | O57: 46248.521 | P57: 917930466495 | Q57: 800050 | R57: Diagnostic laparoscopy | T57: Gynaecology | U57: Dr Dummy 07 | V57: 46248.487 | W57: 46248.515 | Z57: 1 | AA57: AUGUST-26-dummy-data.xlsx | AB57: FALSE
B58: Craigavon | C58: DPU | D58: CAH DPU 1 | E58: 240 | F58: 46235 | G58: 26/27 | H58: Hsc Southern Trust | I58: Gynaecology | J58: No. of patients | K58: 1 | L58: St Cah Day Procedure Unit | M58: 46248 | N58: 46248.354 | O58: 46248.521 | P58: 937186931375 | Q58: 701668 | R58: Hysteroscopy | T58: Gynaecology | U58: Dr Dummy 07 | V58: 46248.397 | W58: 46248.422 | Z58: 1 | AA58: AUGUST-26-dummy-data.xlsx | AB58: FALSE
B59: Craigavon | C59: DPU | D59: CAH DPU 1 | E59: 240 | F59: 46235 | G59: 26/27 | H59: Hsc Southern Trust | I59: Gynaecology | J59: No. of patients | K59: 1 | L59: St Cah Day Procedure Unit | M59: 46248 | N59: 46248.354 | O59: 46248.521 | P59: 964104730379 | Q59: 849826 | R59: Endometrial biopsy | S59: Local anaesthetic infiltration | T59: Gynaecology | U59: Dr Dummy 07 | V59: 46248.445 | W59: 46248.471 | Z59: 1 | AA59: AUGUST-26-dummy-data.xlsx | AB59: FALSE
B60: Craigavon | C60: DPU | D60: CAH DPU 1 | E60: 240 | F60: 46235 | G60: 26/27 | H60: Hsc Southern Trust | I60: General Surgery | J60: No. of sessions | K60: 1 | L60: St Cah Day Procedure Unit | M60: 46250 | N60: 46250.562 | O60: 46250.729 | X60: 4 | Y60: 0 | Z60: 4 | AA60: AUGUST-26-dummy-data.xlsx | AB60: FALSE | AC60: 0
B61: Craigavon | C61: DPU | D61: CAH DPU 1 | E61: 240 | F61: 46235 | G61: 26/27 | H61: Hsc Southern Trust | I61: General Surgery | J61: No. of patients | K61: 1 | L61: St Cah Day Procedure Unit | M61: 46250 | N61: 46250.562 | O61: 46250.729 | P61: 923200094955 | Q61: 884989 | R61: Laparoscopic appendicectomy | S61: Tissue biopsy | T61: General Surgery | U61: Dr Dummy 01 | V61: 46250.694 | W61: 46250.715 | Z61: 1 | AA61: AUGUST-26-dummy-data.xlsx | AB61: FALSE
B62: Craigavon | C62: DPU | D62: CAH DPU 1 | E62: 240 | F62: 46235 | G62: 26/27 | H62: Hsc Southern Trust | I62: General Surgery | J62: No. of patients | K62: 1 | L62: St Cah Day Procedure Unit | M62: 46250 | N62: 46250.562 | O62: 46250.729 | P62: 935581648419 | Q62: 900826 | R62: Laparoscopic cholecystectomy | T62: General Surgery | U62: Dr Dummy 01 | V62: 46250.651 | W62: 46250.674 | Z62: 1 | AA62: AUGUST-26-dummy-data.xlsx | AB62: FALSE
B63: Craigavon | C63: DPU | D63: CAH DPU 1 | E63: 240 | F63: 46235 | G63: 26/27 | H63: Hsc Southern Trust | I63: General Surgery | J63: No. of patients | K63: 1 | L63: St Cah Day Procedure Unit | M63: 46250 | N63: 46250.562 | O63: 46250.729 | P63: 943666142108 | Q63: 726401 | R63: Inguinal hernia repair | T63: General Surgery | U63: Dr Dummy 01 | V63: 46250.606 | W63: 46250.634 | Z63: 1 | AA63: AUGUST-26-dummy-data.xlsx | AB63: FALSE
B64: Craigavon | C64: DPU | D64: CAH DPU 1 | E64: 240 | F64: 46235 | G64: 26/27 | H64: Hsc Southern Trust | I64: General Surgery | J64: No. of patients | K64: 1 | L64: St Cah Day Procedure Unit | M64: 46250 | N64: 46250.562 | O64: 46250.729 | P64: 981059342319 | Q64: 776146 | R64: Laparoscopic cholecystectomy | T64: General Surgery | U64: Dr Dummy 01 | V64: 46250.567 | W64: 46250.59 | Z64: 1 | AA64: AUGUST-26-dummy-data.xlsx | AB64: FALSE
B65: Craigavon | C65: DPU | D65: CAH DPU 1 | E65: 240 | F65: 46235 | G65: 26/27 | H65: Hsc Southern Trust | I65: Gynaecology | J65: No. of sessions | K65: 1 | L65: St Cah Day Procedure Unit | M65: 46260 | N65: 46260.562 | O65: 46260.729 | X65: 4 | Y65: 0 | Z65: 4 | AA65: AUGUST-26-dummy-data.xlsx | AB65: FALSE | AC65: 0
B66: Craigavon | C66: DPU | D66: CAH DPU 1 | E66: 240 | F66: 46235 | G66: 26/27 | H66: Hsc Southern Trust | I66: Gynaecology | J66: No. of patients | K66: 1 | L66: St Cah Day Procedure Unit | M66: 46260 | N66: 46260.562 | O66: 46260.729 | P66: 945955989462 | Q66: 750904 | R66: Cervical polypectomy | S66: Local anaesthetic infiltration | T66: Gynaecology | U66: Dr Dummy 09 | V66: 46260.651 | W66: 46260.668 | Z66: 1 | AA66: AUGUST-26-dummy-data.xlsx | AB66: FALSE
B67: Craigavon | C67: DPU | D67: CAH DPU 1 | E67: 240 | F67: 46235 | G67: 26/27 | H67: Hsc Southern Trust | I67: Gynaecology | J67: No. of patients | K67: 1 | L67: St Cah Day Procedure Unit | M67: 46260 | N67: 46260.562 | O67: 46260.729 | P67: 958224247721 | Q67: 818638 | R67: Endometrial biopsy | T67: Gynaecology | U67: Dr Dummy 09 | V67: 46260.569 | W67: 46260.597 | Z67: 1 | AA67: AUGUST-26-dummy-data.xlsx | AB67: FALSE
B68: Craigavon | C68: DPU | D68: CAH DPU 1 | E68: 240 | F68: 46235 | G68: 26/27 | H68: Hsc Southern Trust | I68: Gynaecology | J68: No. of patients | K68: 1 | L68: St Cah Day Procedure Unit | M68: 46260 | N68: 46260.562 | O68: 46260.729 | P68: 964013965194 | Q68: 907068 | R68: Diagnostic laparoscopy | T68: Gynaecology | U68: Dr Dummy 09 | V68: 46260.606 | W68: 46260.626 | Z68: 1 | AA68: AUGUST-26-dummy-data.xlsx | AB68: FALSE
B69: Craigavon | C69: DPU | D69: CAH DPU 1 | E69: 240 | F69: 46235 | G69: 26/27 | H69: Hsc Southern Trust | I69: Gynaecology | J69: No. of patients | K69: 1 | L69: St Cah Day Procedure Unit | M69: 46260 | N69: 46260.562 | O69: 46260.729 | P69: 981002656672 | Q69: 912115 | R69: Cervical polypectomy | S69: Diagnostic examination | T69: Gynaecology | U69: Dr Dummy 09 | V69: 46260.696 | W69: 46260.72 | Z69: 1 | AA69: AUGUST-26-dummy-data.xlsx | AB69: FALSE
B70: Craigavon | C70: DPU | D70: CAH DPU 1 | E70: 270 | F70: 46174 | G70: 26/27 | H70: Hsc Southern Trust | I70: Urology | J70: No. of sessions | K70: 1 | L70: St Cah Day Procedure Unit | M70: 46177 | N70: 46177.354 | O70: 46177.542 | X70: 4 | Y70: 0 | Z70: 4 | AA70: JUNE-26-dummy-data.xlsx | AB70: FALSE | AC70: 0
B71: Craigavon | C71: DPU | D71: CAH DPU 1 | E71: 270 | F71: 46174 | G71: 26/27 | H71: Hsc Southern Trust | I71: Urology | J71: No. of patients | K71: 1 | L71: St Cah Day Procedure Unit | M71: 46177 | N71: 46177.354 | O71: 46177.542 | P71: 643498533707 | Q71: 60061281 | R71: Ureteric stent insertion | S71: Wound dressing | T71: Urology | U71: Dr Dummy 18 | V71: 46177.408 | W71: 46177.432 | Z71: 1 | AA71: JUNE-26-dummy-data.xlsx | AB71: FALSE
B72: Craigavon | C72: DPU | D72: CAH DPU 1 | E72: 270 | F72: 46174 | G72: 26/27 | H72: Hsc Southern Trust | I72: Urology | J72: No. of patients | K72: 1 | L72: St Cah Day Procedure Unit | M72: 46177 | N72: 46177.354 | O72: 46177.542 | P72: 681191262415 | Q72: 60029041 | R72: Ureteric stent insertion | S72: Local anaesthetic infiltration | T72: Urology | U72: Dr Dummy 18 | V72: 46177.451 | W72: 46177.48 | Z72: 1 | AA72: JUNE-26-dummy-data.xlsx | AB72: FALSE
B73: Craigavon | C73: DPU | D73: CAH DPU 1 | E73: 270 | F73: 46174 | G73: 26/27 | H73: Hsc Southern Trust | I73: Urology | J73: No. of patients | K73: 1 | L73: St Cah Day Procedure Unit | M73: 46177 | N73: 46177.354 | O73: 46177.542 | P73: 688030272698 | Q73: 60039812 | R73: Circumcision | T73: Urology | U73: Dr Dummy 18 | V73: 46177.498 | W73: 46177.528 | Z73: 1 | AA73: JUNE-26-dummy-data.xlsx | AB73: FALSE
B74: Craigavon | C74: DPU | D74: CAH DPU 1 | E74: 270 | F74: 46174 | G74: 26/27 | H74: Hsc Southern Trust | I74: Urology | J74: No. of patients | K74: 1 | L74: St Cah Day Procedure Unit | M74: 46177 | N74: 46177.354 | O74: 46177.542 | P74: 693275628540 | Q74: 60117614 | R74: Ureteroscopy | T74: Urology | U74: Dr Dummy 18 | V74: 46177.362 | W74: 46177.394 | Z74: 1 | AA74: JUNE-26-dummy-data.xlsx | AB74: FALSE
B75: Craigavon | C75: DPU | D75: CAH DPU 1 | E75: 270 | F75: 46204 | G75: 26/27 | H75: Hsc Southern Trust | I75: ENT | J75: No. of sessions | K75: 1 | L75: St Cah Day Procedure Unit | M75: 46212 | N75: 46212.375 | O75: 46212.562 | X75: 4 | Y75: 0 | Z75: 4 | AA75: JULY-26-dummy-data.xlsx | AB75: FALSE | AC75: 0
B76: Craigavon | C76: DPU | D76: CAH DPU 1 | E76: 270 | F76: 46204 | G76: 26/27 | H76: Hsc Southern Trust | I76: ENT | J76: No. of patients | K76: 1 | L76: St Cah Day Procedure Unit | M76: 46212 | N76: 46212.375 | O76: 46212.562 | P76: 710887400037 | Q76: 70219462 | R76: Septoplasty | T76: ENT | U76: Dr Dummy 04 | V76: 46212.476 | W76: 46212.502 | Z76: 1 | AA76: JULY-26-dummy-data.xlsx | AB76: FALSE
B77: Craigavon | C77: DPU | D77: CAH DPU 1 | E77: 270 | F77: 46204 | G77: 26/27 | H77: Hsc Southern Trust | I77: ENT | J77: No. of patients | K77: 1 | L77: St Cah Day Procedure Unit | M77: 46212 | N77: 46212.375 | O77: 46212.562 | P77: 737775982333 | Q77: 70271804 | R77: Grommet insertion | S77: Local anaesthetic infiltration | T77: ENT | U77: Dr Dummy 04 | V77: 46212.522 | W77: 46212.556 | Z77: 1 | AA77: JULY-26-dummy-data.xlsx | AB77: FALSE
B78: Craigavon | C78: DPU | D78: CAH DPU 1 | E78: 270 | F78: 46204 | G78: 26/27 | H78: Hsc Southern Trust | I78: ENT | J78: No. of patients | K78: 1 | L78: St Cah Day Procedure Unit | M78: 46212 | N78: 46212.375 | O78: 46212.562 | P78: 761715364991 | Q78: 70274557 | R78: Nasal polypectomy | T78: ENT | U78: Dr Dummy 04 | V78: 46212.426 | W78: 46212.457 | Z78: 1 | AA78: JULY-26-dummy-data.xlsx | AB78: FALSE
B79: Craigavon | C79: DPU | D79: CAH DPU 1 | E79: 270 | F79: 46204 | G79: 26/27 | H79: Hsc Southern Trust | I79: ENT | J79: No. of patients | K79: 1 | L79: St Cah Day Procedure Unit | M79: 46212 | N79: 46212.375 | O79: 46212.562 | P79: 765738812437 | Q79: 70061141 | R79: Adenoidectomy | T79: ENT | U79: Dr Dummy 04 | V79: 46212.383 | W79: 46212.41 | Z79: 1 | AA79: JULY-26-dummy-data.xlsx | AB79: FALSE
B80: Craigavon | C80: DPU | D80: CAH DPU 1 | E80: 270 | F80: 46204 | G80: 26/27 | H80: Hsc Southern Trust | I80: Urology | J80: No. of sessions | K80: 1 | L80: St Cah Day Procedure Unit | M80: 46216 | N80: 46216.375 | O80: 46216.562 | X80: 4 | Y80: 0 | Z80: 4 | AA80: JULY-26-dummy-data.xlsx | AB80: FALSE | AC80: 0
B81: Craigavon | C81: DPU | D81: CAH DPU 1 | E81: 270 | F81: 46204 | G81: 26/27 | H81: Hsc Southern Trust | I81: Urology | J81: No. of patients | K81: 1 | L81: St Cah Day Procedure Unit | M81: 46216 | N81: 46216.375 | O81: 46216.562 | P81: 703054283256 | Q81: 70163333 | R81: Bladder biopsy | T81: Urology | U81: Dr Dummy 09 | V81: 46216.521 | W81: 46216.549 | Z81: 1 | AA81: JULY-26-dummy-data.xlsx | AB81: FALSE
B82: Craigavon | C82: DPU | D82: CAH DPU 1 | E82: 270 | F82: 46204 | G82: 26/27 | H82: Hsc Southern Trust | I82: Urology | J82: No. of patients | K82: 1 | L82: St Cah Day Procedure Unit | M82: 46216 | N82: 46216.375 | O82: 46216.562 | P82: 715394056867 | Q82: 70048343 | R82: Ureteroscopy | T82: Urology | U82: Dr Dummy 09 | V82: 46216.381 | W82: 46216.412 | Z82: 1 | AA82: JULY-26-dummy-data.xlsx | AB82: FALSE
B83: Craigavon | C83: DPU | D83: CAH DPU 1 | E83: 270 | F83: 46204 | G83: 26/27 | H83: Hsc Southern Trust | I83: Urology | J83: No. of patients | K83: 1 | L83: St Cah Day Procedure Unit | M83: 46216 | N83: 46216.375 | O83: 46216.562 | P83: 752183453249 | Q83: 70258381 | R83: Flexible cystoscopy | T83: Urology | U83: Dr Dummy 09 | V83: 46216.476 | W83: 46216.507 | Z83: 1 | AA83: JULY-26-dummy-data.xlsx | AB83: FALSE
B84: Craigavon | C84: DPU | D84: CAH DPU 1 | E84: 270 | F84: 46204 | G84: 26/27 | H84: Hsc Southern Trust | I84: Urology | J84: No. of patients | K84: 1 | L84: St Cah Day Procedure Unit | M84: 46216 | N84: 46216.375 | O84: 46216.562 | P84: 786674185562 | Q84: 70216991 | R84: Ureteroscopy | S84: Local anaesthetic infiltration | T84: Urology | U84: Dr Dummy 09 | V84: 46216.425 | W84: 46216.45 | Z84: 1 | AA84: JULY-26-dummy-data.xlsx | AB84: FALSE
B85: Craigavon | C85: DPU | D85: CAH DPU 1 | E85: 270 | F85: 46204 | G85: 26/27 | H85: Hsc Southern Trust | I85: Gynaecology | J85: No. of sessions | K85: 1 | L85: St Cah Day Procedure Unit | M85: 46222 | N85: 46222.562 | O85: 46222.75 | X85: 4 | Y85: 0 | Z85: 4 | AA85: JULY-26-dummy-data.xlsx | AB85: FALSE | AC85: 0
B86: Craigavon | C86: DPU | D86: CAH DPU 1 | E86: 270 | F86: 46204 | G86: 26/27 | H86: Hsc Southern Trust | I86: Gynaecology | J86: No. of patients | K86: 1 | L86: St Cah Day Procedure Unit | M86: 46222 | N86: 46222.562 | O86: 46222.75 | P86: 750735899037 | Q86: 70287856 | R86: Endometrial biopsy | T86: Gynaecology | U86: Dr Dummy 20 | V86: 46222.706 | W86: 46222.735 | Z86: 1 | AA86: JULY-26-dummy-data.xlsx | AB86: FALSE
B87: Craigavon | C87: DPU | D87: CAH DPU 1 | E87: 270 | F87: 46204 | G87: 26/27 | H87: Hsc Southern Trust | I87: Gynaecology | J87: No. of patients | K87: 1 | L87: St Cah Day Procedure Unit | M87: 46222 | N87: 46222.562 | O87: 46222.75 | P87: 771798388822 | Q87: 70110286 | R87: Cervical polypectomy | T87: Gynaecology | U87: Dr Dummy 20 | V87: 46222.565 | W87: 46222.59 | Z87: 1 | AA87: JULY-26-dummy-data.xlsx | AB87: FALSE
B88: Craigavon | C88: DPU | D88: CAH DPU 1 | E88: 270 | F88: 46204 | G88: 26/27 | H88: Hsc Southern Trust | I88: Gynaecology | J88: No. of patients | K88: 1 | L88: St Cah Day Procedure Unit | M88: 46222 | N88: 46222.562 | O88: 46222.75 | P88: 774950428655 | Q88: 70257596 | R88: Hysteroscopy | T88: Gynaecology | U88: Dr Dummy 20 | V88: 46222.61 | W88: 46222.645 | Z88: 1 | AA88: JULY-26-dummy-data.xlsx | AB88: FALSE
B89: Craigavon | C89: DPU | D89: CAH DPU 1 | E89: 270 | F89: 46204 | G89: 26/27 | H89: Hsc Southern Trust | I89: Gynaecology | J89: No. of patients | K89: 1 | L89: St Cah Day Procedure Unit | M89: 46222 | N89: 46222.562 | O89: 46222.75 | P89: 785522918937 | Q89: 70180758 | R89: Endometrial biopsy | T89: Gynaecology | U89: Dr Dummy 20 | V89: 46222.659 | W89: 46222.692 | Z89: 1 | AA89: JULY-26-dummy-data.xlsx | AB89: FALSE
B90: Craigavon | C90: DPU | D90: CAH DPU 1 | E90: 270 | F90: 46235 | G90: 26/27 | H90: Hsc Southern Trust | I90: Gynaecology | J90: No. of sessions | K90: 1 | L90: St Cah Day Procedure Unit | M90: 46242 | N90: 46242.375 | O90: 46242.562 | X90: 4 | Y90: 0 | Z90: 4 | AA90: AUGUST-26-dummy-data.xlsx | AB90: FALSE | AC90: 0
B91: Craigavon | C91: DPU | D91: CAH DPU 1 | E91: 270 | F91: 46235 | G91: 26/27 | H91: Hsc Southern Trust | I91: Gynaecology | J91: No. of patients | K91: 1 | L91: St Cah Day Procedure Unit | M91: 46242 | N91: 46242.375 | O91: 46242.562 | P91: 904578460822 | Q91: 958322 | R91: Diagnostic laparoscopy | S91: Tissue biopsy | T91: Gynaecology | U91: Dr Dummy 20 | V91: 46242.426 | W91: 46242.45 | Z91: 1 | AA91: AUGUST-26-dummy-data.xlsx | AB91: FALSE
B92: Craigavon | C92: DPU | D92: CAH DPU 1 | E92: 270 | F92: 46235 | G92: 26/27 | H92: Hsc Southern Trust | I92: Gynaecology | J92: No. of patients | K92: 1 | L92: St Cah Day Procedure Unit | M92: 46242 | N92: 46242.375 | O92: 46242.562 | P92: 939385624113 | Q92: 938752 | R92: Cervical polypectomy | T92: Gynaecology | U92: Dr Dummy 20 | V92: 46242.381 | W92: 46242.404 | Z92: 1 | AA92: AUGUST-26-dummy-data.xlsx | AB92: FALSE
B93: Craigavon | C93: DPU | D93: CAH DPU 1 | E93: 270 | F93: 46235 | G93: 26/27 | H93: Hsc Southern Trust | I93: Gynaecology | J93: No. of patients | K93: 1 | L93: St Cah Day Procedure Unit | M93: 46242 | N93: 46242.375 | O93: 46242.562 | P93: 943048686859 | Q93: 817307 | R93: Diagnostic laparoscopy | T93: Gynaecology | U93: Dr Dummy 20 | V93: 46242.475 | W93: 46242.495 | Z93: 1 | AA93: AUGUST-26-dummy-data.xlsx | AB93: FALSE
B94: Craigavon | C94: DPU | D94: CAH DPU 1 | E94: 270 | F94: 46235 | G94: 26/27 | H94: Hsc Southern Trust | I94: Gynaecology | J94: No. of patients | K94: 1 | L94: St Cah Day Procedure Unit | M94: 46242 | N94: 46242.375 | O94: 46242.562 | P94: 996960691128 | Q94: 754028 | R94: Diagnostic laparoscopy | T94: Gynaecology | U94: Dr Dummy 20 | V94: 46242.519 | W94: 46242.549 | Z94: 1 | AA94: AUGUST-26-dummy-data.xlsx | AB94: FALSE
B95: Craigavon | C95: DPU | D95: CAH DPU 1 | E95: 270 | F95: 46235 | G95: 26/27 | H95: Hsc Southern Trust | I95: Oral and Maxillofacial Surgery | J95: No. of sessions | K95: 1 | L95: St Cah Day Procedure Unit | M95: 46257 | N95: 46257.354 | O95: 46257.542 | X95: 4 | Y95: 0 | Z95: 4 | AA95: AUGUST-26-dummy-data.xlsx | AB95: FALSE | AC95: 0
B96: Craigavon | C96: DPU | D96: CAH DPU 1 | E96: 270 | F96: 46235 | G96: 26/27 | H96: Hsc Southern Trust | I96: Oral and Maxillofacial Surgery | J96: No. of patients | K96: 1 | L96: St Cah Day Procedure Unit | M96: 46257 | N96: 46257.354 | O96: 46257.542 | P96: 904025840479 | Q96: 807194 | R96: Surgical tooth extraction | S96: Local anaesthetic infiltration | T96: Oral and Maxillofacial Surgery | U96: Dr Dummy 08 | V96: 46257.499 | W96: 46257.524 | Z96: 1 | AA96: AUGUST-26-dummy-data.xlsx | AB96: FALSE
B97: Craigavon | C97: DPU | D97: CAH DPU 1 | E97: 270 | F97: 46235 | G97: 26/27 | H97: Hsc Southern Trust | I97: Oral and Maxillofacial Surgery | J97: No. of patients | K97: 1 | L97: St Cah Day Procedure Unit | M97: 46257 | N97: 46257.354 | O97: 46257.542 | P97: 941990829864 | Q97: 729060 | R97: Surgical tooth extraction | S97: Wound dressing | T97: Oral and Maxillofacial Surgery | U97: Dr Dummy 08 | V97: 46257.356 | W97: 46257.386 | Z97: 1 | AA97: AUGUST-26-dummy-data.xlsx | AB97: FALSE
B98: Craigavon | C98: DPU | D98: CAH DPU 1 | E98: 270 | F98: 46235 | G98: 26/27 | H98: Hsc Southern Trust | I98: Oral and Maxillofacial Surgery | J98: No. of patients | K98: 1 | L98: St Cah Day Procedure Unit | M98: 46257 | N98: 46257.354 | O98: 46257.542 | P98: 947483301744 | Q98: 899329 | R98: Wisdom tooth extraction | S98: Tissue biopsy | T98: Oral and Maxillofacial Surgery | U98: Dr Dummy 08 | V98: 46257.406 | W98: 46257.431 | Z98: 1 | AA98: AUGUST-26-dummy-data.xlsx | AB98: FALSE
B99: Craigavon | C99: DPU | D99: CAH DPU 1 | E99: 270 | F99: 46235 | G99: 26/27 | H99: Hsc Southern Trust | I99: Oral and Maxillofacial Surgery | J99: No. of patients | K99: 1 | L99: St Cah Day Procedure Unit | M99: 46257 | N99: 46257.354 | O99: 46257.542 | P99: 982330553512 | Q99: 964578 | R99: Wisdom tooth extraction | T99: Oral and Maxillofacial Surgery | U99: Dr Dummy 08 | V99: 46257.454 | W99: 46257.476 | Z99: 1 | AA99: AUGUST-26-dummy-data.xlsx | AB99: FALSE
B100: Craigavon | C100: DPU | D100: CAH DPU 1 | E100: 270 | F100: 46235 | G100: 26/27 | H100: Hsc Southern Trust | I100: General Surgery | J100: No. of sessions | K100: 1 | L100: St Cah Day Procedure Unit | M100: 46262 | N100: 46262.354 | O100: 46262.542 | X100: 4 | Y100: 0 | Z100: 4 | AA100: AUGUST-26-dummy-data.xlsx | AB100: FALSE | AC100: 0
B101: Craigavon | C101: DPU | D101: CAH DPU 1 | E101: 270 | F101: 46235 | G101: 26/27 | H101: Hsc Southern Trust | I101: General Surgery | J101: No. of patients | K101: 1 | L101: St Cah Day Procedure Unit | M101: 46262 | N101: 46262.354 | O101: 46262.542 | P101: 906139293662 | Q101: 794169 | R101: Excision of skin lesion | T101: General Surgery | U101: Dr Dummy 21 | V101: 46262.406 | W101: 46262.429 | Z101: 1 | AA101: AUGUST-26-dummy-data.xlsx | AB101: FALSE
B102: Craigavon | C102: DPU | D102: CAH DPU 1 | E102: 270 | F102: 46235 | G102: 26/27 | H102: Hsc Southern Trust | I102: General Surgery | J102: No. of patients | K102: 1 | L102: St Cah Day Procedure Unit | M102: 46262 | N102: 46262.354 | O102: 46262.542 | P102: 953886453038 | Q102: 915553 | R102: Excision of skin lesion | S102: Diagnostic examination | T102: General Surgery | U102: Dr Dummy 21 | V102: 46262.495 | W102: 46262.522 | Z102: 1 | AA102: AUGUST-26-dummy-data.xlsx | AB102: FALSE
B103: Craigavon | C103: DPU | D103: CAH DPU 1 | E103: 270 | F103: 46235 | G103: 26/27 | H103: Hsc Southern Trust | I103: General Surgery | J103: No. of patients | K103: 1 | L103: St Cah Day Procedure Unit | M103: 46262 | N103: 46262.354 | O103: 46262.542 | P103: 968368745384 | Q103: 728559 | R103: Incision and drainage of abscess | T103: General Surgery | U103: Dr Dummy 21 | V103: 46262.454 | W103: 46262.484 | Z103: 1 | AA103: AUGUST-26-dummy-data.xlsx | AB103: FALSE
B104: Craigavon | C104: DPU | D104: CAH DPU 1 | E104: 270 | F104: 46235 | G104: 26/27 | H104: Hsc Southern Trust | I104: General Surgery | J104: No. of patients | K104: 1 | L104: St Cah Day Procedure Unit | M104: 46262 | N104: 46262.354 | O104: 46262.542 | P104: 968562042875 | Q104: 874075 | R104: Excision of skin lesion | T104: General Surgery | U104: Dr Dummy 21 | V104: 46262.361 | W104: 46262.386 | Z104: 1 | AA104: AUGUST-26-dummy-data.xlsx | AB104: FALSE
B105: Craigavon | C105: DPU | D105: CAH DPU 1 | E105: 270 | F105: 46235 | G105: 26/27 | H105: Hsc Southern Trust | I105: Oral and Maxillofacial Surgery | J105: No. of sessions | K105: 1 | L105: St Cah Day Procedure Unit | M105: 46264 | N105: 46264.562 | O105: 46264.75 | X105: 4 | Y105: 0 | Z105: 4 | AA105: AUGUST-26-dummy-data.xlsx | AB105: FALSE | AC105: 0
...

Sheet Overview Data
AK1: Overview coverage for slicer selection
B2: Hospital overview session measures
B3: One row per session. Diagnostics and all planned minutes are retained. Added eligibility columns identify sessions used by the timing measures.
B5: Trust | C5: Hospital | D5: Operating Theatre | E5: Month | F5: Financial Year | G5: Theatre Type | H5: Service Area | I5: Session Specialty | J5: Patients Excluded - Missing Times | K5: No of Sessions | L5: No of Patients | M5: Location | N5: Procedure Date | O5: Slot Start Time | P5: Slot End Time | Q5: Source Files | R5: Procedure Rows | S5: Missing Patient IDs | T5: Mixed Session Specialty | U5: Session Duration | V5: Run Minutes | W5: Op Minutes | X5: Run Timing Issues | Y5: Op Timing Issues | Z5: First Actual Start | AA5: Last Actual End | AB5: Timed Operations | AC5: Repeated Timing Rows | AD5: Timing Notes | AE5: Sessions Used for Timing | AF5: Sessions Excluded from Timing | AG5: Session Duration Used for Timing
B6: Southern | C6: Craigavon | D6: CAH DPU 1 | E6: 46174 | F6: 26/27 | G6: DPU | H6: Hsc Southern Trust | I6: Gynaecology | J6: 0 | K6: 1 | L6: 4 | M6: St Cah Day Procedure Unit | N6: 46174 | O6: 46174.542 | P6: 46174.667 | Q6: JUNE-26-dummy-data.xlsx | R6: 4 | S6: 0 | T6: FALSE | U6: 180 | V6: 156 | W6: 86 | X6: 0 | Y6: 0 | Z6: 46174.547 | AA6: 46174.655 | AB6: 4 | AC6: 0 | AE6: 1 | AF6: 0 | AG6: 180
B7: Southern | C7: Craigavon | D7: CAH DPU 1 | E7: 46174 | F7: 26/27 | G7: DPU | H7: Hsc Southern Trust | I7: Oral and Maxillofacial Surgery | J7: 0 | K7: 1 | L7: 4 | M7: St Cah Day Procedure Unit | N7: 46175 | O7: 46175.375 | P7: 46175.542 | Q7: JUNE-26-dummy-data.xlsx | R7: 4 | S7: 0 | T7: FALSE | U7: 240 | V7: 216 | W7: 134 | X7: 0 | Y7: 0 | Z7: 46175.381 | AA7: 46175.531 | AB7: 4 | AC7: 0 | AE7: 1 | AF7: 0 | AG7: 240
B8: Southern | C8: Craigavon | D8: CAH DPU 1 | E8: 46174 | F8: 26/27 | G8: DPU | H8: Hsc Southern Trust | I8: ENT | J8: 0 | K8: 1 | L8: 4 | M8: St Cah Day Procedure Unit | N8: 46176 | O8: 46176.375 | P8: 46176.542 | Q8: JUNE-26-dummy-data.xlsx | R8: 4 | S8: 0 | T8: FALSE | U8: 240 | V8: 207 | W8: 132 | X8: 0 | Y8: 0 | Z8: 46176.383 | AA8: 46176.527 | AB8: 4 | AC8: 0 | AE8: 1 | AF8: 0 | AG8: 240
B9: Southern | C9: Craigavon | D9: CAH DPU 1 | E9: 46174 | F9: 26/27 | G9: DPU | H9: Hsc Southern Trust | I9: Urology | J9: 0 | K9: 1 | L9: 4 | M9: St Cah Day Procedure Unit | N9: 46177 | O9: 46177.354 | P9: 46177.542 | Q9: JUNE-26-dummy-data.xlsx | R9: 4 | S9: 0 | T9: FALSE | U9: 270 | V9: 240 | W9: 167 | X9: 0 | Y9: 0 | Z9: 46177.362 | AA9: 46177.528 | AB9: 4 | AC9: 0 | AE9: 1 | AF9: 0 | AG9: 270
B10: Southern | C10: Craigavon | D10: CAH DPU 1 | E10: 46174 | F10: 26/27 | G10: DPU | H10: Hsc Southern Trust | I10: Oral and Maxillofacial Surgery | J10: 0 | K10: 1 | L10: 4 | M10: St Cah Day Procedure Unit | N10: 46186 | O10: 46186.375 | P10: 46186.75 | Q10: JUNE-26-dummy-data.xlsx | R10: 4 | S10: 0 | T10: FALSE | U10: 540 | V10: 473 | W10: 334 | X10: 0 | Y10: 0 | Z10: 46186.383 | AA10: 46186.712 | AB10: 4 | AC10: 0 | AE10: 1 | AF10: 0 | AG10: 540
B11: Southern | C11: Craigavon | D11: CAH DPU 1 | E11: 46174 | F11: 26/27 | G11: DPU | H11: Hsc Southern Trust | I11: Oral and Maxillofacial Surgery | J11: 0 | K11: 1 | L11: 4 | M11: St Cah Day Procedure Unit | N11: 46188 | O11: 46188.354 | P11: 46188.646 | Q11: JUNE-26-dummy-data.xlsx | R11: 4 | S11: 0 | T11: FALSE | U11: 420 | V11: 391 | W11: 301 | X11: 0 | Y11: 0 | Z11: 46188.356 | AA11: 46188.628 | AB11: 4 | AC11: 0 | AE11: 1 | AF11: 0 | AG11: 420
B12: Southern | C12: Craigavon | D12: CAH DPU 1 | E12: 46174 | F12: 26/27 | G12: DPU | H12: Hsc Southern Trust | I12: Oral and Maxillofacial Surgery | J12: 0 | K12: 1 | L12: 4 | M12: St Cah Day Procedure Unit | N12: 46192 | O12: 46192.354 | P12: 46192.688 | Q12: JUNE-26-dummy-data.xlsx | R12: 4 | S12: 0 | T12: FALSE | U12: 480 | V12: 460 | W12: 361 | X12: 0 | Y12: 0 | Z12: 46192.358 | AA12: 46192.678 | AB12: 4 | AC12: 0 | AE12: 1 | AF12: 0 | AG12: 480
B13: Southern | C13: Craigavon | D13: CAH DPU 1 | E13: 46174 | F13: 26/27 | G13: DPU | H13: Hsc Southern Trust | I13: ENT | J13: 0 | K13: 1 | L13: 4 | M13: St Cah Day Procedure Unit | N13: 46199 | O13: 46199.354 | P13: 46199.729 | Q13: JUNE-26-dummy-data.xlsx | R13: 4 | S13: 0 | T13: FALSE | U13: 540 | V13: 507 | W13: 403 | X13: 0 | Y13: 0 | Z13: 46199.356 | AA13: 46199.708 | AB13: 4 | AC13: 0 | AE13: 1 | AF13: 0 | AG13: 540
B14: Southern | C14: Craigavon | D14: ST CAH MAIN THEATRE 1 | E14: 46174 | F14: 26/27 | G14: Main | H14: Hsc Southern Trust | I14: General Surgery | J14: 0 | K14: 1 | L14: 4 | M14: St Cah Main Theatre | N14: 46174 | O14: 46174.333 | P14: 46174.521 | Q14: JUNE-26-dummy-data.xlsx | R14: 4 | S14: 0 | T14: FALSE | U14: 270 | V14: 242 | W14: 156 | X14: 0 | Y14: 0 | Z14: 46174.338 | AA14: 46174.506 | AB14: 4 | AC14: 0 | AE14: 1 | AF14: 0 | AG14: 270
B15: Southern | C15: Craigavon | D15: ST CAH MAIN THEATRE 1 | E15: 46174 | F15: 26/27 | G15: Main | H15: Hsc Southern Trust | I15: ENT | J15: 0 | K15: 1 | L15: 4 | M15: St Cah Main Theatre | N15: 46175 | O15: 46175.333 | P15: 46175.708 | Q15: JUNE-26-dummy-data.xlsx | R15: 4 | S15: 0 | T15: FALSE | U15: 540 | V15: 498 | W15: 354 | X15: 0 | Y15: 0 | Z15: 46175.336 | AA15: 46175.682 | AB15: 4 | AC15: 0 | AE15: 1 | AF15: 0 | AG15: 540
B16: Southern | C16: Craigavon | D16: ST CAH MAIN THEATRE 1 | E16: 46174 | F16: 26/27 | G16: Main | H16: Hsc Southern Trust | I16: Trauma and Orthopaedics | J16: 0 | K16: 1 | L16: 4 | M16: St Cah Main Theatre | N16: 46177 | O16: 46177.354 | P16: 46177.604 | Q16: JUNE-26-dummy-data.xlsx | R16: 4 | S16: 0 | T16: FALSE | U16: 360 | V16: 324 | W16: 249 | X16: 0 | Y16: 0 | Z16: 46177.359 | AA16: 46177.584 | AB16: 4 | AC16: 0 | AE16: 1 | AF16: 0 | AG16: 360
B17: Southern | C17: Craigavon | D17: ST CAH MAIN THEATRE 1 | E17: 46174 | F17: 26/27 | G17: Main | H17: Hsc Southern Trust | I17: General Surgery | J17: 0 | K17: 1 | L17: 4 | M17: St Cah Main Theatre | N17: 46178 | O17: 46178.333 | P17: 46178.625 | Q17: JUNE-26-dummy-data.xlsx | R17: 4 | S17: 0 | T17: FALSE | U17: 420 | V17: 364 | W17: 273 | X17: 0 | Y17: 0 | Z17: 46178.339 | AA17: 46178.592 | AB17: 4 | AC17: 0 | AE17: 1 | AF17: 0 | AG17: 420
... B1019: Southern | C1019: South Tyrone | D1019: STY DPU 1 | E1019: 46235 | F1019: 26/27 | G1019: DPU | H1019: Hsc Southern Trust | I1019: Oral and Maxillofacial Surgery | J1019: 0 | K1019: 1 | L1019: 4 | M1019: St Sty Day Procedure Unit | N1019: 46263 | O1019: 46263.375 | P1019: 46263.542 | Q1019: AUGUST-26-dummy-data.xlsx | R1019: 4 | S1019: 0 | T1019: FALSE | U1019: 240 | V1019: 207 | W1019: 125 | X1019: 0 | Y1019: 0 | Z1019: 46263.383 | AA1019: 46263.526 | AB1019: 4 | AC1019: 0 | AE1019: 1 | AF1019: 0 | AG1019: 240

Sheet Start Finish Data
BC1: Start chart counts | BI1: Finish chart counts | BO1: Classification coverage
B2: Session start and finish classifications | AO2: Aggregated counts for charts and the combination pivot
B3: One row per session. Positive differences mean late; negative differences mean early. Incomplete timing sessions are unclassified. | AO3: Each filter combination has nine classified cells and one unclassified count. Zero counts preserve absent categories; always sum Session Count.
B5: Trust | C5: Hospital | D5: Month | E5: Financial Year | F5: Theatre Type | G5: Session Specialty | H5: Service Area | I5: Start Type | J5: Patients Excluded - Missing Times | K5: No of Sessions | L5: No of Patients | M5: Location | N5: Finish Type | O5: Classification Status | P5: Start Difference Minutes | Q5: Source Files | R5: Procedure Rows | S5: Missing Patient IDs | T5: Mixed Session Specialty | U5: Session Duration | V5: Run Minutes | W5: Op Minutes | X5: Run Timing Issues | Y5: Op Timing Issues | Z5: Finish Difference Minutes | AA5: Operating Theatre | AB5: Timed Operations | AC5: Repeated Timing Rows | AD5: Timing Notes | AE5: Sessions Used for Timing | AF5: Sessions Excluded from Timing | AG5: Session Duration Used for Timing | AH5: Procedure Date | AI5: Slot Start Time | AJ5: First Actual Start | AK5: Slot End Time | AL5: Last Actual End | AO5: Trust | AP5: Service Area | AQ5: Hospital | AR5: Theatre Type | AS5: Session Specialty | AT5: Financial Year | AU5: Month | AV5: Start Type | AW5: Finish Type | AX5: Classification Status | AY5: Session Count
B6: Southern | C6: Craigavon | D6: 46174 | E6: 26/27 | F6: DPU | G6: Gynaecology | H6: Hsc Southern Trust | I6: On Time | J6: 0 | K6: 1 | L6: 4 | M6: St Cah Day Procedure Unit | N6: Early Finish | O6: Classified | P6: 7 | Q6: JUNE-26-dummy-data.xlsx | R6: 4 | S6: 0 | T6: FALSE | U6: 180 | V6: 156 | W6: 86 | X6: 0 | Y6: 0 | Z6: -17 | AA6: CAH DPU 1 | AB6: 4 | AC6: 0 | AE6: 1 | AF6: 0 | AG6: 180 | AH6: 46174 | AI6: 46174.542 | AJ6: 46174.547 | AK6: 46174.667 | AL6: 46174.655 | AO6: Southern | AP6: Hsc Southern Trust | AQ6: Craigavon | AR6: DPU | AS6: Gynaecology | AT6: 26/27 | AU6: 46174 | AV6: Early Start | AW6: Early Finish | AX6: Classified | AY6: 0
B7: Southern | C7: Craigavon | D7: 46174 | E7: 26/27 | F7: DPU | G7: Oral and Maxillofacial Surgery | H7: Hsc Southern Trust | I7: On Time | J7: 0 | K7: 1 | L7: 4 | M7: St Cah Day Procedure Unit | N7: Early Finish | O7: Classified | P7: 9 | Q7: JUNE-26-dummy-data.xlsx | R7: 4 | S7: 0 | T7: FALSE | U7: 240 | V7: 216 | W7: 134 | X7: 0 | Y7: 0 | Z7: -15 | AA7: CAH DPU 1 | AB7: 4 | AC7: 0 | AE7: 1 | AF7: 0 | AG7: 240 | AH7: 46175 | AI7: 46175.375 | AJ7: 46175.381 | AK7: 46175.542 | AL7: 46175.531 | AO7: Southern | AP7: Hsc Southern Trust | AQ7: Craigavon | AR7: Main | AS7: Gynaecology | AT7: 26/27 | AU7: 46174 | AV7: Early Start | AW7: Early Finish | AX7: Classified | AY7: 0
B8: Southern | C8: Craigavon | D8: 46174 | E8: 26/27 | F8: DPU | G8: ENT | H8: Hsc Southern Trust | I8: Late Start | J8: 0 | K8: 1 | L8: 4 | M8: St Cah Day Procedure Unit | N8: Early Finish | O8: Classified | P8: 12 | Q8: JUNE-26-dummy-data.xlsx | R8: 4 | S8: 0 | T8: FALSE | U8: 240 | V8: 207 | W8: 132 | X8: 0 | Y8: 0 | Z8: -21 | AA8: CAH DPU 1 | AB8: 4 | AC8: 0 | AE8: 1 | AF8: 0 | AG8: 240 | AH8: 46176 | AI8: 46176.375 | AJ8: 46176.383 | AK8: 46176.542 | AL8: 46176.527 | AO8: Southern | AP8: Hsc Southern Trust | AQ8: Craigavon | AR8: Main | AS8: Urology | AT8: 26/27 | AU8: 46174 | AV8: Early Start | AW8: Early Finish | AX8: Classified | AY8: 0
B9: Southern | C9: Craigavon | D9: 46174 | E9: 26/27 | F9: DPU | G9: Urology | H9: Hsc Southern Trust | I9: Late Start | J9: 0 | K9: 1 | L9: 4 | M9: St Cah Day Procedure Unit | N9: Early Finish | O9: Classified | P9: 11 | Q9: JUNE-26-dummy-data.xlsx | R9: 4 | S9: 0 | T9: FALSE | U9: 270 | V9: 240 | W9: 167 | X9: 0 | Y9: 0 | Z9: -19 | AA9: CAH DPU 1 | AB9: 4 | AC9: 0 | AE9: 1 | AF9: 0 | AG9: 270 | AH9: 46177 | AI9: 46177.354 | AJ9: 46177.362 | AK9: 46177.542 | AL9: 46177.528 | AO9: Southern | AP9: Hsc Southern Trust | AQ9: Craigavon | AR9: Main | AS9: Plastic Surgery | AT9: 26/27 | AU9: 46174 | AV9: Early Start | AW9: Early Finish | AX9: Classified | AY9: 0
B10: Southern | C10: Craigavon | D10: 46174 | E10: 26/27 | F10: DPU | G10: Oral and Maxillofacial Surgery | H10: Hsc Southern Trust | I10: Late Start | J10: 0 | K10: 1 | L10: 4 | M10: St Cah Day Procedure Unit | N10: Early Finish | O10: Classified | P10: 12 | Q10: JUNE-26-dummy-data.xlsx | R10: 4 | S10: 0 | T10: FALSE | U10: 540 | V10: 473 | W10: 334 | X10: 0 | Y10: 0 | Z10: -55 | AA10: CAH DPU 1 | AB10: 4 | AC10: 0 | AE10: 1 | AF10: 0 | AG10: 540 | AH10: 46186 | AI10: 46186.375 | AJ10: 46186.383 | AK10: 46186.75 | AL10: 46186.712 | AO10: Southern | AP10: Hsc Southern Trust | AQ10: Craigavon | AR10: Main | AS10: Trauma and Orthopaedics | AT10: 26/27 | AU10: 46174 | AV10: Early Start | AW10: Early Finish | AX10: Classified | AY10: 0
B11: Southern | C11: Craigavon | D11: 46174 | E11: 26/27 | F11: DPU | G11: Oral and Maxillofacial Surgery | H11: Hsc Southern Trust | I11: On Time | J11: 0 | K11: 1 | L11: 4 | M11: St Cah Day Procedure Unit | N11: Early Finish | O11: Classified | P11: 3 | Q11: JUNE-26-dummy-data.xlsx | R11: 4 | S11: 0 | T11: FALSE | U11: 420 | V11: 391 | W11: 301 | X11: 0 | Y11: 0 | Z11: -26 | AA11: CAH DPU 1 | AB11: 4 | AC11: 0 | AE11: 1 | AF11: 0 | AG11: 420 | AH11: 46188 | AI11: 46188.354 | AJ11: 46188.356 | AK11: 46188.646 | AL11: 46188.628 | AO11: Southern | AP11: Hsc Southern Trust | AQ11: Craigavon | AR11: Main | AS11: ENT | AT11: 26/27 | AU11: 46174 | AV11: Early Start | AW11: Early Finish | AX11: Classified | AY11: 0
B12: Southern | C12: Craigavon | D12: 46174 | E12: 26/27 | F12: DPU | G12: Oral and Maxillofacial Surgery | H12: Hsc Southern Trust | I12: On Time | J12: 0 | K12: 1 | L12: 4 | M12: St Cah Day Procedure Unit | N12: Early Finish | O12: Classified | P12: 6 | Q12: JUNE-26-dummy-data.xlsx | R12: 4 | S12: 0 | T12: FALSE | U12: 480 | V12: 460 | W12: 361 | X12: 0 | Y12: 0 | Z12: -14 | AA12: CAH DPU 1 | AB12: 4 | AC12: 0 | AE12: 1 | AF12: 0 | AG12: 480 | AH12: 46192 | AI12: 46192.354 | AJ12: 46192.358 | AK12: 46192.688 | AL12: 46192.678 | AO12: Southern | AP12: Hsc Southern Trust | AQ12: Craigavon | AR12: Main | AS12: General Surgery | AT12: 26/27 | AU12: 46174 | AV12: Early Start | AW12: Early Finish | AX12: Classified | AY12: 0
B13: Southern | C13: Craigavon | D13: 46174 | E13: 26/27 | F13: DPU | G13: ENT | H13: Hsc Southern Trust | I13: On Time | J13: 0 | K13: 1 | L13: 4 | M13: St Cah Day Procedure Unit | N13: Early Finish | O13: Classified | P13: 2 | Q13: JUNE-26-dummy-data.xlsx | R13: 4 | S13: 0 | T13: FALSE | U13: 540 | V13: 507 | W13: 403 | X13: 0 | Y13: 0 | Z13: -31 | AA13: CAH DPU 1 | AB13: 4 | AC13: 0 | AE13: 1 | AF13: 0 | AG13: 540 | AH13: 46199 | AI13: 46199.354 | AJ13: 46199.356 | AK13: 46199.729 | AL13: 46199.708 | AO13: Southern | AP13: Hsc Southern Trust | AQ13: Craigavon | AR13: DPU | AS13: Urology | AT13: 26/27 | AU13: 46174 | AV13: Early Start | AW13: Early Finish | AX13: Classified | AY13: 0
B14: Southern | C14: Craigavon | D14: 46174 | E14: 26/27 | F14: Main | G14: General Surgery | H14: Hsc Southern Trust | I14: On Time | J14: 0 | K14: 1 | L14: 4 | M14: St Cah Main Theatre | N14: Early Finish | O14: Classified | P14: 6 | Q14: JUNE-26-dummy-data.xlsx | R14: 4 | S14: 0 | T14: FALSE | U14: 270 | V14: 242 | W14: 156 | X14: 0 | Y14: 0 | Z14: -22 | AA14: ST CAH MAIN THEATRE 1 | AB14: 4 | AC14: 0 | AE14: 1 | AF14: 0 | AG14: 270 | AH14: 46174 | AI14: 46174.333 | AJ14: 46174.338 | AK14: 46174.521 | AL14: 46174.506 | AO14: Southern | AP14: Hsc Southern Trust | AQ14: Craigavon | AR14: DPU | AS14: ENT | AT14: 26/27 | AU14: 46174 | AV14: Early Start | AW14: Early Finish | AX14: Classified | AY14: 0
B15: Southern | C15: Craigavon | D15: 46174 | E15: 26/27 | F15: Main | G15: ENT | H15: Hsc Southern Trust | I15: On Time | J15: 0 | K15: 1 | L15: 4 | M15: St Cah Main Theatre | N15: Early Finish | O15: Classified | P15: 4 | Q15: JUNE-26-dummy-data.xlsx | R15: 4 | S15: 0 | T15: FALSE | U15: 540 | V15: 498 | W15: 354 | X15: 0 | Y15: 0 | Z15: -38 | AA15: ST CAH MAIN THEATRE 1 | AB15: 4 | AC15: 0 | AE15: 1 | AF15: 0 | AG15: 540 | AH15: 46175 | AI15: 46175.333 | AJ15: 46175.336 | AK15: 46175.708 | AL15: 46175.682 | AO15: Southern | AP15: Hsc Southern Trust | AQ15: Craigavon | AR15: DPU | AS15: Oral and Maxillofacial Surgery | AT15: 26/27 | AU15: 46174 | AV15: Early Start | AW15: Early Finish | AX15: Classified | AY15: 0
B16: Southern | C16: Craigavon | D16: 46174 | E16: 26/27 | F16: Main | G16: Trauma and Orthopaedics | H16: Hsc Southern Trust | I16: On Time | J16: 0 | K16: 1 | L16: 4 | M16: St Cah Main Theatre | N16: Early Finish | O16: Classified | P16: 7 | Q16: JUNE-26-dummy-data.xlsx | R16: 4 | S16: 0 | T16: FALSE | U16: 360 | V16: 324 | W16: 249 | X16: 0 | Y16: 0 | Z16: -29 | AA16: ST CAH MAIN THEATRE 1 | AB16: 4 | AC16: 0 | AE16: 1 | AF16: 0 | AG16: 360 | AH16: 46177 | AI16: 46177.354 | AJ16: 46177.359 | AK16: 46177.604 | AL16: 46177.584 | AO16: Southern | AP16: Hsc Southern Trust | AQ16: Craigavon | AR16: Maternity | AS16: Obstetrics | AT16: 26/27 | AU16: 46174 | AV16: Early Start | AW16: Early Finish | AX16: Classified | AY16: 0
B17: Southern | C17: Craigavon | D17: 46174 | E17: 26/27 | F17: Main | G17: General Surgery | H17: Hsc Southern Trust | I17: On Time | J17: 0 | K17: 1 | L17: 4 | M17: St Cah Main Theatre | N17: Early Finish | O17: Classified | P17: 8 | Q17: JUNE-26-dummy-data.xlsx | R17: 4 | S17: 0 | T17: FALSE | U17: 420 | V17: 364 | W17: 273 | X17: 0 | Y17: 0 | Z17: -48 | AA17: ST CAH MAIN THEATRE 1 | AB17: 4 | AC17: 0 | AE17: 1 | AF17: 0 | AG17: 420 | AH17: 46178 | AI17: 46178.333 | AJ17: 46178.339 | AK17: 46178.625 | AL17: 46178.592 | AO17: Southern | AP17: Hsc Southern Trust | AQ17: Craigavon | AR17: DPU | AS17: Gynaecology | AT17: 26/27 | AU17: 46174 | AV17: Early Start | AW17: Late Finish | AX17: Classified | AY17: 0
... B785: Southern | C785: Daisy Hill | D785: 46235 | E785: 26/27 | F785: Main | G785: Plastic Surgery | H785: Hsc Southern Trust | I785: On Time | J785: 0 | K785: 1 | L785: 4 | M785: St Dhh Main Theatre | N785: Early Finish | O785: Classified | P785: 5 | Q785: AUGUST-26-dummy-data.xlsx | R785: 4 | S785: 0 | T785: FALSE | U785: 240 | V785: 224 | W785: 149 | X785: 0 | Y785: 0 | Z785: -11 | AA785: ST DHH MAIN THEATRE 2 | AB785: 4 | AC785: 0 | AE785: 1 | AF785: 0 | AG785: 240 | AH785: 46261 | AI785: 46261.354 | AJ785: 46261.358 | AK785: 46261.521 | AL785: 46261.513 | AO785: Southern | AP785: Hsc Southern Trust | AQ785: South Tyrone | AR785: DPU | AS785: Ophthalmology | AT785: 26/27 | AU785: 46235 | AV785: Unclassified | AW785: Unclassified | AX785: Unclassified | AY785: 0
B786: Southern | C786: Daisy Hill | D786: 46235 | E786: 26/27 | F786: Main | G786: Plastic Surgery | H786: Hsc Southern Trust | I786: On Time | J786: 0 | K786: 1 | L786: 4 | M786: St Dhh Main Theatre | N786: Early Finish | O786: Classified | P786: 6 | Q786: AUGUST-26-dummy-data.xlsx | R786: 4 | S786: 0 | T786: FALSE | U786: 270 | V786: 234 | W786: 154 | X786: 0 | Y786: 0 | Z786: -30 | AA786: ST DHH MAIN THEATRE 2 | AB786: 4 | AC786: 0 | AE786: 1 | AF786: 0 | AG786: 270 | AH786: 46263 | AI786: 46263.333 | AJ786: 46263.338 | AK786: 46263.521 | AL786: 46263.5
B787: Southern | C787: Daisy Hill | D787: 46235 | E787: 26/27 | F787: Main | G787: Trauma and Orthopaedics | H787: Hsc Southern Trust | I787: On Time | J787: 0 | K787: 1 | L787: 4 | M787: St Dhh Main Theatre | N787: Early Finish | O787: Classified | P787: 10 | Q787: AUGUST-26-dummy-data.xlsx | R787: 4 | S787: 0 | T787: FALSE | U787: 210 | V787: 183 | W787: 113 | X787: 0 | Y787: 0 | Z787: -17 | AA787: ST DHH MAIN THEATRE 2 | AB787: 4 | AC787: 0 | AE787: 1 | AF787: 0 | AG787: 210 | AH787: 46264 | AI787: 46264.375 | AJ787: 46264.382 | AK787: 46264.521 | AL787: 46264.509
B788: Southern | C788: Daisy Hill | D788: 46235 | E788: 26/27 | F788: Main | G788: Gynaecology | H788: Hsc Southern Trust | I788: On Time | J788: 0 | K788: 1 | L788: 4 | M788: St Dhh Main Theatre | N788: Early Finish | O788: Classified | P788: 8 | Q788: AUGUST-26-dummy-data.xlsx | R788: 4 | S788: 0 | T788: FALSE | U788: 240 | V788: 216 | W788: 121 | X788: 0 | Y788: 0 | Z788: -16 | AA788: ST DHH MAIN THEATRE 3 | AB788: 4 | AC788: 0 | AE788: 1 | AF788: 0 | AG788: 240 | AH788: 46235 | AI788: 46235.562 | AJ788: 46235.568 | AK788: 46235.729 | AL788: 46235.718
B789: Southern | C789: Daisy Hill | D789: 46235 | E789: 26/27 | F789: Main | G789: Trauma and Orthopaedics | H789: Hsc Southern Trust | I789: On Time | J789: 0 | K789: 1 | L789: 4 | M789: St Dhh Main Theatre | N789: Early Finish | O789: Classified | P789: 10 | Q789: AUGUST-26-dummy-data.xlsx | R789: 4 | S789: 0 | T789: FALSE | U789: 360 | V789: 313 | W789: 227 | X789: 0 | Y789: 0 | Z789: -37 | AA789: ST DHH MAIN THEATRE 3 | AB789: 4 | AC789: 0 | AE789: 1 | AF789: 0 | AG789: 360 | AH789: 46236 | AI789: 46236.375 | AJ789: 46236.382 | AK789: 46236.625 | AL789: 46236.599
B790: Southern | C790: Daisy Hill | D790: 46235 | E790: 26/27 | F790: Main | G790: Urology | H790: Hsc Southern Trust | I790: On Time | J790: 0 | K790: 1 | L790: 4 | M790: St Dhh Main Theatre | N790: Early Finish | O790: Classified | P790: 7 | Q790: AUGUST-26-dummy-data.xlsx | R790: 4 | S790: 0 | T790: FALSE | U790: 480 | V790: 445 | W790: 306 | X790: 0 | Y790: 0 | Z790: -28 | AA790: ST DHH MAIN THEATRE 3 | AB790: 4 | AC790: 0 | AE790: 1 | AF790: 0 | AG790: 480 | AH790: 46237 | AI790: 46237.333 | AJ790: 46237.338 | AK790: 46237.667 | AL790: 46237.647
B791: Southern | C791: Daisy Hill | D791: 46235 | E791: 26/27 | F791: Main | G791: Gynaecology | H791: Hsc Southern Trust | I791: Late Start | J791: 0 | K791: 1 | L791: 4 | M791: St Dhh Main Theatre | N791: Early Finish | O791: Classified | P791: 12 | Q791: AUGUST-26-dummy-data.xlsx | R791: 4 | S791: 0 | T791: FALSE | U791: 240 | V791: 216 | W791: 154 | X791: 0 | Y791: 0 | Z791: -12 | AA791: ST DHH MAIN THEATRE 3 | AB791: 4 | AC791: 0 | AE791: 1 | AF791: 0 | AG791: 240 | AH791: 46239 | AI791: 46239.562 | AJ791: 46239.571 | AK791: 46239.729 | AL791: 46239.721
B792: Southern | C792: Daisy Hill | D792: 46235 | E792: 26/27 | F792: Main | G792: Urology | H792: Hsc Southern Trust | I792: On Time | J792: 0 | K792: 1 | L792: 4 | M792: St Dhh Main Theatre | N792: Early Finish | O792: Classified | P792: 8 | Q792: AUGUST-26-dummy-data.xlsx | R792: 4 | S792: 0 | T792: FALSE | U792: 210 | V792: 187 | W792: 125 | X792: 0 | Y792: 0 | Z792: -15 | AA792: ST DHH MAIN THEATRE 3 | AB792: 4 | AC792: 0 | AE792: 1 | AF792: 0 | AG792: 210 | AH792: 46242 | AI792: 46242.562 | AJ792: 46242.568 | AK792: 46242.708 | AL792: 46242.698
B793: Southern | C793: Daisy Hill | D793: 46235 | E793: 26/27 | F793: Main | G793: General Surgery | H793: Hsc Southern Trust | I793: On Time | J793: 0 | K793: 1 | L793: 4 | M793: St Dhh Main Theatre | N793: Early Finish | O793: Classified | P793: 7 | Q793: AUGUST-26-dummy-data.xlsx | R793: 4 | S793: 0 | T793: FALSE | U793: 180 | V793: 158 | W793: 98 | X793: 0 | Y793: 0 | Z793: -15 | AA793: ST DHH MAIN THEATRE 3 | AB793: 4 | AC793: 0 | AE793: 1 | AF793: 0 | AG793: 180 | AH793: 46244 | AI793: 46244.354 | AJ793: 46244.359 | AK793: 46244.479 | AL793: 46244.469
B794: Southern | C794: Daisy Hill | D794: 46235 | E794: 26/27 | F794: Main | G794: General Surgery | H794: Hsc Southern Trust | I794: On Time | J794: 0 | K794: 1 | L794: 4 | M794: St Dhh Main Theatre | N794: Early Finish | O794: Classified | P794: 4 | Q794: AUGUST-26-dummy-data.xlsx | R794: 4 | S794: 0 | T794: FALSE | U794: 240 | V794: 219 | W794: 126 | X794: 0 | Y794: 0 | Z794: -17 | AA794: ST DHH MAIN THEATRE 3 | AB794: 4 | AC794: 0 | AE794: 1 | AF794: 0 | AG794: 240 | AH794: 46246 | AI794: 46246.333 | AJ794: 46246.336 | AK794: 46246.5 | AL794: 46246.488
B795: Southern | C795: Daisy Hill | D795: 46235 | E795: 26/27 | F795: Main | G795: Plastic Surgery | H795: Hsc Southern Trust | I795: On Time | J795: 0 | K795: 1 | L795: 4 | M795: St Dhh Main Theatre | N795: Early Finish | O795: Classified | P795: 2 | Q795: AUGUST-26-dummy-data.xlsx | R795: 4 | S795: 0 | T795: FALSE | U795: 270 | V795: 255 | W795: 172 | X795: 0 | Y795: 0 | Z795: -13 | AA795: ST DHH MAIN THEATRE 3 | AB795: 4 | AC795: 0 | AE795: 1 | AF795: 0 | AG795: 270 | AH795: 46247 | AI795: 46247.562 | AJ795: 46247.564 | AK795: 46247.75 | AL795: 46247.741
B796: Southern | C796: Daisy Hill | D796: 46235 | E796: 26/27 | F796: Main | G796: Trauma and Orthopaedics | H796: Hsc Southern Trust | I796: On Time | J796: 0 | K796: 1 | L796: 4 | M796: St Dhh Main Theatre | N796: Early Finish | O796: Classified | P796: 10 | Q796: AUGUST-26-dummy-data.xlsx | R796: 4 | S796: 0 | T796: FALSE | U796: 480 | V796: 449 | W796: 328 | X796: 0 | Y796: 0 | Z796: -21 | AA796: ST DHH MAIN THEATRE 3 | AB796: 4 | AC796: 0 | AE796: 1 | AF796: 0 | AG796: 480 | AH796: 46248 | AI796: 46248.312 | AJ796: 46248.319 | AK796: 46248.646 | AL796: 46248.631
B797: Southern | C797: Daisy Hill | D797: 46235 | E797: 26/27 | F797: Main | G797: ENT | H797: Hsc Southern Trust | I797: Late Start | J797: 0 | K797: 1 | L797: 4 | M797: St Dhh Main Theatre | N797: Early Finish | O797: Classified | P797: 11 | Q797: AUGUST-26-dummy-data.xlsx | R797: 4 | S797: 0 | T797: FALSE | U797: 210 | V797: 185 | W797: 112 | X797: 0 | Y797: 0 | Z797: -14 | AA797: ST DHH MAIN THEATRE 3 | AB797: 4 | AC797: 0 | AE797: 1 | AF797: 0 | AG797: 210 | AH797: 46250 | AI797: 46250.333 | AJ797: 46250.341 | AK797: 46250.479 | AL797: 46250.469
... B1019: Southern | C1019: South Tyrone | D1019: 46235 | E1019: 26/27 | F1019: DPU | G1019: Oral and Maxillofacial Surgery | H1019: Hsc Southern Trust | I1019: Late Start | J1019: 0 | K1019: 1 | L1019: 4 | M1019: St Sty Day Procedure Unit | N1019: Early Finish | O1019: Classified | P1019: 11 | Q1019: AUGUST-26-dummy-data.xlsx | R1019: 4 | S1019: 0 | T1019: FALSE | U1019: 240 | V1019: 207 | W1019: 125 | X1019: 0 | Y1019: 0 | Z1019: -22 | AA1019: STY DPU 1 | AB1019: 4 | AC1019: 0 | AE1019: 1 | AF1019: 0 | AG1019: 240 | AH1019: 46263 | AI1019: 46263.375 | AJ1019: 46263.383 | AK1019: 46263.542 | AL1019: 46263.526

Sheet Import Issues
B2: Import issues
B3: Invalid session keys are excluded from session totals. Missing patient IDs remain in sessions but do not count as patients.
B4: =IF(COUNTA(ImportIssuesTable[Issue Type])=0,"No import issues in the current files.","Review the rows below before using the report.") -> No import issues in the current files.
B5: Source File | C5: Input Row | D5: Include in Sessions | E5: Issue Type | F5: Issue Detail | G5: Service Area | H5: Location | I5: Operating Theatre | J5: Procedure Date | K5: Patient CSN | L5: Log ID | M5: Primary Procedure | N5: Other Procedures | O5: Start Time | P5: End Time | Q5: Operation Time Minutes (Performed) | R5: Overlap Minutes (Performed) | S5: Non-Overlap Operation Time Minutes (Performed) | T5: Start Time (Scheduled) | U5: End Time (Scheduled) | V5: Operation Time minutes (Scheduled) | W5: Procedure Specialty | X5: Session | Y5: Slot Start Time | Z5: Slot End Time | AA5: Session Period | AB5: Emergency? | AC5: Funding Stream | AD5: Performed in Session | AE5: Session [Responsible Consultant]

Sheet Review Data
B2: Session review data
B3: One row per session. Source extracts and pFolderPath are shared with the existing reports. Full timings and issue notes remain available.
B5: Trust | C5: Hospital | D5: Session Specialty | E5: Responsible Consultant | F5: Consultant Attribution | G5: Operating Theatre | H5: Service Area | I5: Procedure Date | J5: Patients Excluded - Missing Times | K5: Month | L5: Financial Year | M5: Location | N5: Theatre Type | O5: No of Sessions | P5: No of Patients | Q5: Source Files | R5: Procedure Rows | S5: Missing Patient IDs | T5: Mixed Session Specialty | U5: Session Duration | V5: Run Minutes | W5: Op Minutes | X5: Run Timing Issues | Y5: Op Timing Issues | Z5: Sessions Used for Timing | AA5: Sessions Excluded from Timing | AB5: Timed Operations | AC5: Repeated Timing Rows | AD5: Timing Notes | AE5: Session Duration Used for Timing | AF5: Start Type | AG5: Finish Type | AH5: Start Difference Minutes | AI5: Finish Difference Minutes | AJ5: Early Starts | AK5: On-Time Starts | AL5: Late Starts | AM5: Scheduled Operations | AN5: Repeated Scheduled Rows | AO5: Early Finishes | AP5: On-Time Finishes | AQ5: Late Finishes | AR5: Scheduled Minutes | AS5: Sessions Used for Scheduling | AT5: Sessions Excluded from Scheduling | AU5: Session Duration Used for Scheduling | AV5: Scheduled Load Status | AW5: Below Planned Load | AX5: At Planned Load | AY5: Above Planned Load | AZ5: Slot Start Time | BA5: Slot End Time | BB5: Classification Status | BC5: First Actual Start | BD5: Last Actual End | BE5: Consultant Names | BF5: Missing Consultant Rows | BG5: Scheduling Issues | BH5: Scheduling Notes
B6: Southern | C6: Craigavon | D6: ENT | E6: Dr Dummy 01 | F6: Single consultant | G6: ST CAH MAIN THEATRE 4 | H6: Hsc Southern Trust | I6: 46192 | J6: 0 | K6: 46174 | L6: 26/27 | M6: St Cah Main Theatre | N6: Main | O6: 1 | P6: 4 | Q6: JUNE-26-dummy-data.xlsx | R6: 4 | S6: 0 | T6: FALSE | U6: 180 | V6: 156 | W6: 93 | X6: 0 | Y6: 0 | Z6: 1 | AA6: 0 | AB6: 4 | AC6: 0 | AE6: 180 | AF6: On Time | AG6: Early Finish | AH6: 10 | AI6: -14 | AJ6: 0 | AK6: 1 | AL6: 0 | AM6: 4 | AN6: 0 | AO6: 1 | AP6: 0 | AQ6: 0 | AR6: 85 | AS6: 1 | AT6: 0 | AU6: 180 | AV6: Below planned | AW6: 1 | AX6: 0 | AY6: 0 | AZ6: 46192.542 | BA6: 46192.667 | BB6: Classified | BC6: 46192.549 | BD6: 46192.657 | BE6: Dr Dummy 01 | BF6: 0 | BG6: 0
B7: Southern | C7: Craigavon | D7: ENT | E7: Dr Dummy 01 | F7: Single consultant | G7: ST CAH MAIN THEATRE 7 | H7: Hsc Southern Trust | I7: 46189 | J7: 0 | K7: 46174 | L7: 26/27 | M7: St Cah Main Theatre | N7: Main | O7: 1 | P7: 4 | Q7: JUNE-26-dummy-data.xlsx | R7: 4 | S7: 0 | T7: FALSE | U7: 240 | V7: 214 | W7: 141 | X7: 0 | Y7: 0 | Z7: 1 | AA7: 0 | AB7: 4 | AC7: 0 | AE7: 240 | AF7: On Time | AG7: Early Finish | AH7: 7 | AI7: -19 | AJ7: 0 | AK7: 1 | AL7: 0 | AM7: 4 | AN7: 0 | AO7: 1 | AP7: 0 | AQ7: 0 | AR7: 140 | AS7: 1 | AT7: 0 | AU7: 240 | AV7: Below planned | AW7: 1 | AX7: 0 | AY7: 0 | AZ7: 46189.375 | BA7: 46189.542 | BB7: Classified | BC7: 46189.38 | BD7: 46189.528 | BE7: Dr Dummy 01 | BF7: 0 | BG7: 0
B8: Southern | C8: Craigavon | D8: ENT | E8: Dr Dummy 02 | F8: Single consultant | G8: ST CAH MAIN THEATRE 3 | H8: Hsc Southern Trust | I8: 46206 | J8: 0 | K8: 46204 | L8: 26/27 | M8: St Cah Main Theatre | N8: Main | O8: 1 | P8: 4 | Q8: JULY-26-dummy-data.xlsx | R8: 4 | S8: 0 | T8: FALSE | U8: 480 | V8: 457 | W8: 330 | X8: 0 | Y8: 0 | Z8: 1 | AA8: 0 | AB8: 4 | AC8: 0 | AE8: 480 | AF8: On Time | AG8: Early Finish | AH8: 8 | AI8: -15 | AJ8: 0 | AK8: 1 | AL8: 0 | AM8: 4 | AN8: 0 | AO8: 1 | AP8: 0 | AQ8: 0 | AR8: 325 | AS8: 1 | AT8: 0 | AU8: 480 | AV8: Below planned | AW8: 1 | AX8: 0 | AY8: 0 | AZ8: 46206.375 | BA8: 46206.708 | BB8: Classified | BC8: 46206.381 | BD8: 46206.698 | BE8: Dr Dummy 02 | BF8: 0 | BG8: 0
B9: Southern | C9: Craigavon | D9: ENT | E9: Dr Dummy 02 | F9: Single consultant | G9: ST CAH MAIN THEATRE 3 | H9: Hsc Southern Trust | I9: 46251 | J9: 0 | K9: 46235 | L9: 26/27 | M9: St Cah Main Theatre | N9: Main | O9: 1 | P9: 4 | Q9: AUGUST-26-dummy-data.xlsx | R9: 4 | S9: 0 | T9: FALSE | U9: 210 | V9: 178 | W9: 110 | X9: 0 | Y9: 0 | Z9: 1 | AA9: 0 | AB9: 4 | AC9: 0 | AE9: 210 | AF9: On Time | AG9: Early Finish | AH9: 5 | AI9: -27 | AJ9: 0 | AK9: 1 | AL9: 0 | AM9: 4 | AN9: 0 | AO9: 1 | AP9: 0 | AQ9: 0 | AR9: 110 | AS9: 1 | AT9: 0 | AU9: 210 | AV9: Below planned | AW9: 1 | AX9: 0 | AY9: 0 | AZ9: 46251.562 | BA9: 46251.708 | BB9: Classified | BC9: 46251.566 | BD9: 46251.69 | BE9: Dr Dummy 02 | BF9: 0 | BG9: 0
B10: Southern | C10: Craigavon | D10: ENT | E10: Dr Dummy 02 | F10: Single consultant | G10: ST CAH MAIN THEATRE 6 | H10: Hsc Southern Trust | I10: 46186 | J10: 0 | K10: 46174 | L10: 26/27 | M10: St Cah Main Theatre | N10: Main | O10: 1 | P10: 4 | Q10: JUNE-26-dummy-data.xlsx | R10: 4 | S10: 0 | T10: FALSE | U10: 300 | V10: 275 | W10: 198 | X10: 0 | Y10: 0 | Z10: 1 | AA10: 0 | AB10: 4 | AC10: 0 | AE10: 300 | AF10: On Time | AG10: Early Finish | AH10: 9 | AI10: -16 | AJ10: 0 | AK10: 1 | AL10: 0 | AM10: 4 | AN10: 0 | AO10: 1 | AP10: 0 | AQ10: 0 | AR10: 195 | AS10: 1 | AT10: 0 | AU10: 300 | AV10: Below planned | AW10: 1 | AX10: 0 | AY10: 0 | AZ10: 46186.562 | BA10: 46186.771 | BB10: Classified | BC10: 46186.569 | BD10: 46186.76 | BE10: Dr Dummy 02 | BF10: 0 | BG10: 0
B11: Southern | C11: Craigavon | D11: ENT | E11: Dr Dummy 02 | F11: Single consultant | G11: ST CAH MAIN THEATRE 6 | H11: Hsc Southern Trust | I11: 46234 | J11: 0 | K11: 46204 | L11: 26/27 | M11: St Cah Main Theatre | N11: Main | O11: 1 | P11: 4 | Q11: JULY-26-dummy-data.xlsx | R11: 4 | S11: 0 | T11: FALSE | U11: 270 | V11: 228 | W11: 137 | X11: 0 | Y11: 0 | Z11: 1 | AA11: 0 | AB11: 4 | AC11: 0 | AE11: 270 | AF11: On Time | AG11: Early Finish | AH11: 8 | AI11: -34 | AJ11: 0 | AK11: 1 | AL11: 0 | AM11: 4 | AN11: 0 | AO11: 1 | AP11: 0 | AQ11: 0 | AR11: 150 | AS11: 1 | AT11: 0 | AU11: 270 | AV11: Below planned | AW11: 1 | AX11: 0 | AY11: 0 | AZ11: 46234.542 | BA11: 46234.729 | BB11: Classified | BC11: 46234.547 | BD11: 46234.706 | BE11: Dr Dummy 02 | BF11: 0 | BG11: 0
B12: Southern | C12: Craigavon | D12: ENT | E12: Dr Dummy 02 | F12: Single consultant | G12: ST CAH MAIN THEATRE 8 | H12: Hsc Southern Trust | I12: 46222 | J12: 0 | K12: 46204 | L12: 26/27 | M12: St Cah Main Theatre | N12: Main | O12: 1 | P12: 4 | Q12: JULY-26-dummy-data.xlsx | R12: 4 | S12: 0 | T12: FALSE | U12: 210 | V12: 187 | W12: 109 | X12: 0 | Y12: 0 | Z12: 1 | AA12: 0 | AB12: 4 | AC12: 0 | AE12: 210 | AF12: On Time | AG12: Early Finish | AH12: 10 | AI12: -13 | AJ12: 0 | AK12: 1 | AL12: 0 | AM12: 4 | AN12: 0 | AO12: 1 | AP12: 0 | AQ12: 0 | AR12: 110 | AS12: 1 | AT12: 0 | AU12: 210 | AV12: Below planned | AW12: 1 | AX12: 0 | AY12: 0 | AZ12: 46222.333 | BA12: 46222.479 | BB12: Classified | BC12: 46222.34 | BD12: 46222.47 | BE12: Dr Dummy 02 | BF12: 0 | BG12: 0
B13: Southern | C13: Craigavon | D13: ENT | E13: Dr Dummy 03 | F13: Single consultant | G13: ST CAH MAIN THEATRE 4 | H13: Hsc Southern Trust | I13: 46251 | J13: 0 | K13: 46235 | L13: 26/27 | M13: St Cah Main Theatre | N13: Main | O13: 1 | P13: 4 | Q13: AUGUST-26-dummy-data.xlsx | R13: 4 | S13: 0 | T13: FALSE | U13: 480 | V13: 449 | W13: 353 | X13: 0 | Y13: 0 | Z13: 1 | AA13: 0 | AB13: 4 | AC13: 0 | AE13: 480 | AF13: Late Start | AG13: Early Finish | AH13: 12 | AI13: -19 | AJ13: 0 | AK13: 0 | AL13: 1 | AM13: 4 | AN13: 0 | AO13: 1 | AP13: 0 | AQ13: 0 | AR13: 345 | AS13: 1 | AT13: 0 | AU13: 480 | AV13: Below planned | AW13: 1 | AX13: 0 | AY13: 0 | AZ13: 46251.354 | BA13: 46251.688 | BB13: Classified | BC13: 46251.363 | BD13: 46251.674 | BE13: Dr Dummy 03 | BF13: 0 | BG13: 0
B14: Southern | C14: Craigavon | D14: ENT | E14: Dr Dummy 04 | F14: Single consultant | G14: CAH DPU 1 | H14: Hsc Southern Trust | I14: 46212 | J14: 0 | K14: 46204 | L14: 26/27 | M14: St Cah Day Procedure Unit | N14: DPU | O14: 1 | P14: 4 | Q14: JULY-26-dummy-data.xlsx | R14: 4 | S14: 0 | T14: FALSE | U14: 270 | V14: 249 | W14: 171 | X14: 0 | Y14: 0 | Z14: 1 | AA14: 0 | AB14: 4 | AC14: 0 | AE14: 270 | AF14: Late Start | AG14: On Time | AH14: 11 | AI14: -10 | AJ14: 0 | AK14: 0 | AL14: 1 | AM14: 4 | AN14: 0 | AO14: 0 | AP14: 1 | AQ14: 0 | AR14: 160 | AS14: 1 | AT14: 0 | AU14: 270 | AV14: Below planned | AW14: 1 | AX14: 0 | AY14: 0 | AZ14: 46212.375 | BA14: 46212.562 | BB14: Classified | BC14: 46212.383 | BD14: 46212.556 | BE14: Dr Dummy 04 | BF14: 0 | BG14: 0
B15: Southern | C15: Craigavon | D15: ENT | E15: Dr Dummy 04 | F15: Single consultant | G15: CAH DPU 1 | H15: Hsc Southern Trust | I15: 46254 | J15: 0 | K15: 46235 | L15: 26/27 | M15: St Cah Day Procedure Unit | N15: DPU | O15: 1 | P15: 4 | Q15: AUGUST-26-dummy-data.xlsx | R15: 4 | S15: 0 | T15: FALSE | U15: 540 | V15: 491 | W15: 367 | X15: 0 | Y15: 0 | Z15: 1 | AA15: 0 | AB15: 4 | AC15: 0 | AE15: 540 | AF15: Late Start | AG15: Early Finish | AH15: 12 | AI15: -37 | AJ15: 0 | AK15: 0 | AL15: 1 | AM15: 4 | AN15: 0 | AO15: 1 | AP15: 0 | AQ15: 0 | AR15: 370 | AS15: 1 | AT15: 0 | AU15: 540 | AV15: Below planned | AW15: 1 | AX15: 0 | AY15: 0 | AZ15: 46254.312 | BA15: 46254.688 | BB15: Classified | BC15: 46254.321 | BD15: 46254.662 | BE15: Dr Dummy 04 | BF15: 0 | BG15: 0
B16: Southern | C16: Craigavon | D16: ENT | E16: Dr Dummy 04 | F16: Single consultant | G16: ST CAH MAIN THEATRE 1 | H16: Hsc Southern Trust | I16: 46246 | J16: 0 | K16: 46235 | L16: 26/27 | M16: St Cah Main Theatre | N16: Main | O16: 1 | P16: 4 | Q16: AUGUST-26-dummy-data.xlsx | R16: 4 | S16: 0 | T16: FALSE | U16: 210 | V16: 172 | W16: 117 | X16: 0 | Y16: 0 | Z16: 1 | AA16: 0 | AB16: 4 | AC16: 0 | AE16: 210 | AF16: On Time | AG16: Early Finish | AH16: 7 | AI16: -31 | AJ16: 0 | AK16: 1 | AL16: 0 | AM16: 4 | AN16: 0 | AO16: 1 | AP16: 0 | AQ16: 0 | AR16: 115 | AS16: 1 | AT16: 0 | AU16: 210 | AV16: Below planned | AW16: 1 | AX16: 0 | AY16: 0 | AZ16: 46246.354 | BA16: 46246.5 | BB16: Classified | BC16: 46246.359 | BD16: 46246.478 | BE16: Dr Dummy 04 | BF16: 0 | BG16: 0
B17: Southern | C17: Craigavon | D17: ENT | E17: Dr Dummy 05 | F17: Single consultant | G17: CAH DPU 1 | H17: Hsc Southern Trust | I17: 46199 | J17: 0 | K17: 46174 | L17: 26/27 | M17: St Cah Day Procedure Unit | N17: DPU | O17: 1 | P17: 4 | Q17: JUNE-26-dummy-data.xlsx | R17: 4 | S17: 0 | T17: FALSE | U17: 540 | V17: 507 | W17: 403 | X17: 0 | Y17: 0 | Z17: 1 | AA17: 0 | AB17: 4 | AC17: 0 | AE17: 540 | AF17: On Time | AG17: Early Finish | AH17: 2 | AI17: -31 | AJ17: 0 | AK17: 1 | AL17: 0 | AM17: 4 | AN17: 0 | AO17: 1 | AP17: 0 | AQ17: 0 | AR17: 400 | AS17: 1 | AT17: 0 | AU17: 540 | AV17: Below planned | AW17: 1 | AX17: 0 | AY17: 0 | AZ17: 46199.354 | BA17: 46199.729 | BB17: Classified | BC17: 46199.356 | BD17: 46199.708 | BE17: Dr Dummy 05 | BF17: 0 | BG17: 0
... B1019: Southern | C1019: South Tyrone | D1019: Urology | E1019: Dr Dummy 24 | F1019: Single consultant | G1019: ST STY THEATRE 1 | H1019: Hsc Southern Trust | I1019: 46230 | J1019: 0 | K1019: 46204 | L1019: 26/27 | M1019: St Sty Day Procedure Unit | N1019: DPU | O1019: 1 | P1019: 4 | Q1019: JULY-26-dummy-data.xlsx | R1019: 4 | S1019: 0 | T1019: FALSE | U1019: 270 | V1019: 232 | W1019: 132 | X1019: 0 | Y1019: 0 | Z1019: 1 | AA1019: 0 | AB1019: 4 | AC1019: 0 | AE1019: 270 | AF1019: On Time | AG1019: Early Finish | AH1019: 6 | AI1019: -32 | AJ1019: 0 | AK1019: 1 | AL1019: 0 | AM1019: 4 | AN1019: 0 | AO1019: 1 | AP1019: 0 | AQ1019: 0 | AR1019: 135 | AS1019: 1 | AT1019: 0 | AU1019: 270 | AV1019: Below planned | AW1019: 1 | AX1019: 0 | AY1019: 0 | AZ1019: 46230.542 | BA1019: 46230.729 | BB1019: Classified | BC1019: 46230.546 | BD1019: 46230.707 | BE1019: Dr Dummy 24 | BF1019: 0 | BG1019: 0

Sheet Setup
E1: Timing coverage controls | I1: Start chart controls | O1: Finish chart controls | U1: Weekly review calculations
B2: Source folder and counting rules | E2: Values | I2: Sessions | K2: Start Type | O2: Sessions | Q2: Finish Type | U2: Review start | V2: =WeeklyStart -> 46259
E3: All sessions | F3: 1014 | I3: Financial Year | J3: Month | K3: Early Start | L3: On Time | M3: Late Start | O3: Financial Year | P3: Month | Q3: Early Finish | R3: On Time | S3: Late Finish | U3: Review end | V3: =WeeklyEnd -> 46265
E4: Timing sessions | F4: 1014 | I4: 26/27 | J4: 46174 | K4: 0 | L4: 282 | M4: 56 | O4: 26/27 | P4: 46174 | Q4: 325 | R4: 13 | S4: 0 | U4: Latest recorded activity | V4: =MAX(SessionReviewTable[Procedure Date]) -> 46265
B5: Parameter | C5: Value | E5: Excluded sessions | F5: 0 | J5: 46204 | K5: 0 | L5: 276 | M5: 62 | P5: 46204 | Q5: 329 | R5: 9 | S5: 0 | U5: Sessions | V5: =SUMPRODUCT(WeeklyMask,SessionReviewTable[No of Sessions]) -> 76
B6: SourceFolder | C6: C:\Users\sgate\Documents\Codex\2026-10-26\lo\outputs\august-dummy-data | E6: All planned minutes | F6: 353760 | J6: 46235 | K6: 0 | L6: 277 | M6: 61 | P6: 46235 | Q6: 324 | R6: 14 | S6: 0 | U6: Timed sessions | V6: =SUMPRODUCT(WeeklyMask,SessionReviewTable[Sessions Used for Timing]) -> 76
E7: Timing planned minutes | F7: 353760 | U7: Patients | V7: =SUMPRODUCT(WeeklyMask,SessionReviewTable[No of Patients]) -> 304
U8: Planned minutes | V8: =SUMPRODUCT(WeeklyMask,SessionReviewTable[Session Duration]) -> 26100
B9: How to update | C9: Save each monthly file in the folder shown above, then use Data > Refresh All. To change folders, edit pFolderPath in Power Query > Manage Parameters. | U9: Timed planned minutes | V9: =SUMPRODUCT(WeeklyMask,SessionReviewTable[Session Duration Used for Timing]) -> 26100
B10: Source selection | C10: Files directly inside the folder are combined. Temporary and hidden files are excluded. Each workbook must have one matching table or sheet. The three supplied real-extract heading variants are mapped automatically. | U10: Run minutes | V10: =SUMPRODUCT(WeeklyMask,SessionReviewTable[Run Minutes]) -> 23739
B11: Session identity | C11: Service Area + Location + Operating Theatre + Procedure Date + Slot Start Time + Slot End Time. Patient rows with the same six values form one session. | E11: Theatre count controls | U11: Op minutes | V11: =SUMPRODUCT(WeeklyMask,SessionReviewTable[Op Minutes]) -> 16416
B12: Patient count | C12: Distinct nonblank Patient CSNs within each session, counted only when First Procedure Start and Last Procedure End are both available as parsed datetimes. These are patient encounters, summed across sessions. Missing-time exclusions appear separately in the session data. | E12: Record Type | F12: Number | U12: Late starts | V12: =SUMPRODUCT(WeeklyMask,SessionReviewTable[Late Starts]) -> 13
B13: Session duration | C13: Full slot end datetime minus slot start datetime, in minutes. Full dates preserve overnight and 24-hour slots. | E13: No. of patients | F13: 4050 | U13: Late finishes | V13: =SUMPRODUCT(WeeklyMask,SessionReviewTable[Late Finishes]) -> 0
B14: Session specialty | C14: Taken from Session. If a session contains several different labels, it is shown as Mixed / multiple so it is counted once. | E14: No. of sessions | F14: 1014 | U14: Early starts | V14: =SUMPRODUCT(WeeklyMask,SessionReviewTable[Early Starts]) -> 0
B15: Important assumption | C15: This infers sessions from slots. If real data has a reliable Session ID, use it instead. Separate sessions with identical keys cannot be distinguished; inconsistent slot values can split one session. | U15: On-time starts | V15: =SUMPRODUCT(WeeklyMask,SessionReviewTable[On-Time Starts]) -> 63
B16: Missing or invalid values | C16: Import Issues identifies invalid session keys and missing IDs. Rows without valid session keys are excluded. Missing CSNs do not count as patients. Patients Excluded - Missing Times in the session data identifies the additional count exclusion. Sessions are retained. | U16: Early finishes | V16: =SUMPRODUCT(WeeklyMask,SessionReviewTable[Early Finishes]) -> 72
B17: Repeated files or rows | C17: A repeated record for the same session and CSN does not increase the session or patient totals. Procedure Rows on Sessions still shows imported row counts. | E17: Classification coverage | U17: On-time finishes | V17: =SUMPRODUCT(WeeklyMask,SessionReviewTable[On-Time Finishes]) -> 4
B18: Financial year | C18: April to March. June, July and August 2026 belong to 26/27. | E18: Classification Status | F18: Sessions | U18: Excluded patients - missing times | V18: =SUMPRODUCT(WeeklyMask,SessionReviewTable[Patients Excluded - Missing Times]) -> 0
B19: Original August examples | C19: The two example rows share a 1,440-minute slot. This is retained as one session with two patients. | E19: Classified | F19: 1014 | U19: Assessed scheduled sessions | V19: =SUMPRODUCT(WeeklyMask,SessionReviewTable[Sessions Used for Scheduling]) -> 76
B20: Query inspection | C20: Data > Queries & Connections > right-click a query > Edit. All folder-combination and counting logic is stored in this workbook. | E20: Unclassified | F20: 0 | U20: Assessed planned minutes | V20: =SUMPRODUCT(WeeklyMask,SessionReviewTable[Session Duration Used for Scheduling]) -> 26100
B21: Source functions | C21: https://learn.microsoft.com/en-us/powerquery-m/table-group | https://learn.microsoft.com/en-us/powerquery-m/duration-totalminutes | E21: Grand Total | F21: 1014 | U21: Scheduled minutes | V21: =SUMPRODUCT(WeeklyMask,SessionReviewTable[Scheduled Minutes]) -> 16350
U22: Run utilisation | V22: =IF(V9=0,"—",V10/V9) -> 0.90954023
B23: Drill-down | C23: Utilisation - Detail by Theatre uses Record Type and Sum of Count. Sessions drill into session records; patients drill into distinct CSNs with both first start and last end available. Both drill sheets have the same columns, with patient-only fields blank on session records. | U23: Op utilisation | V23: =IF(V9=0,"—",V11/V9) -> 0.62896552
B24: Utilisation - Detail by Theatre totals | C24: Subtotals and the bottom combined grand total are disabled because they would add sessions and patients together. Across-month totals stay enabled. The top totals use a small linked pivot on Pivot Data and respond to the same slicers. | U24: Timing coverage | V24: =IF(V5=0,"—",V6/V5) -> 1
U25: Recorded scheduled load | V25: =IF(V20=0,"—",V21/V20) -> 0.62643678
B26: Utilisation detail | C26: The hospital overview uses one row per session from OverviewSessions. Its five slicers are independent of the original Utilisation - Detail by Theatre. All queries use pFolderPath. | U26: Scheduled coverage | V26: =IF(V5=0,"—",V19/V5) -> 1
B27: Actual timing assumption | C27: Start Time is provisionally treated as anaesthesia commencement (or procedure start without anaesthesia). End Time is provisionally treated as ready for discharge from theatre. Confirm those event meanings with the source system before interpreting real utilisation. | U27: Unclassified timing sessions | V27: =V5-V6 -> 0
B28: Run time | C28: For each session: last actual End Time minus first actual Start Time, including gaps. Full elapsed minutes are retained, including overruns outside the planned slot. | U28: Timeline pages | V28: =MAX(1,ROUNDUP(V5/12,0)) -> 7
B29: Operation time | C29: Sum of each procedure / theatre attendance End Time minus Start Time. Repeated rows for the same Log ID count once. Separate Log IDs are retained when the same patient has more than one procedure. This does not use the non-overlap minutes field. | U29: Active timeline page | V29: =IF(V30,MIN('Session Timeline'!E19,V28),1) -> 1
B30: Utilisation percentages | C30: Session Duration (Mins) on Utilisation - Detail sums the full Session Duration for every represented session with a valid planned slot, including sessions with missing or invalid patient times. Run/op percentages still use Session Duration Used for Timing as their matched denominator. Patient counts still require both first procedure start and last procedure end. | U30: Valid page entry | V30: =IF(ISNUMBER('Session Timeline'!E19),AND('Session Timeline'!E19>=1,'Session Timeline'!E19=INT('Session Timeline'!E19)),FALSE) -> TRUE
B31: Timing completeness | C31: Missing or invalid start/end times and conflicting patient/timing values exclude that whole session from timing minutes and the matching planned-duration denominator. The original timing notes, issue counts and null values remain on Overview Data. Complete sessions still produce numeric hospital/month totals.
B32: Repeated timing rows | C32: Within each session, a nonblank Log ID identifies a theatre attendance. Without a Log ID, identical CSN, start and end identify a timing record. Full datetimes are preserved. Time-only values use the procedure date; for overnight slots, the start date closest to the planned interval is used, allowing an overrun after midnight.
B33: Reference calculation | C33: The seven-measure layout is retained. Session Duration (Mins) now includes all represented planned session minutes. Run/op percentages divide summed timing minutes by summed Session Duration Used for Timing, so the displayed full planned duration is not their denominator when timing is incomplete.
B34: Timing coverage | C34: The overview coverage line responds to its five slicers and reports included and excluded timing sessions plus the share of planned minutes covered. Session Duration on Overview Data is the full planned total now displayed on the report. Session Duration Used for Timing remains the percentage denominator. Direct field filters on the main pivot do not filter this separate coverage line. | U34: Day | V34: Sessions | W34: Patients | X34: Run utilisation | Y34: Op utilisation
B35: Overlap and no usable times | C35: Overlap warnings alone do not exclude a session: operation time sums patient intervals and can exceed elapsed run time. If no sessions have usable timings in a view, timing results are left blank and coverage shows zero. Valid measured zero durations still display 0 and 0%. | U35: =TEXT('Weekly Review'!B30,"ddd dd") -> Tue 25 | V35: ='Weekly Review'!C30 -> 9 | W35: ='Weekly Review'!D30 -> 36 | X35: =IF(ISNUMBER('Weekly Review'!I30),'Weekly Review'!I30,NA()) -> 0.92649573 | Y35: =IF(ISNUMBER('Weekly Review'!J30),'Weekly Review'!J30,NA()) -> 0.64928775
U36: =TEXT('Weekly Review'!B31,"ddd dd") -> Wed 26 | V36: ='Weekly Review'!C31 -> 13 | W36: ='Weekly Review'!D31 -> 52 | X36: =IF(ISNUMBER('Weekly Review'!I31),'Weekly Review'!I31,NA()) -> 0.89703196 | Y36: =IF(ISNUMBER('Weekly Review'!J31),'Weekly Review'!J31,NA()) -> 0.61894977
B37: Start / finish basis | C37: Each session compares First Actual Start with Slot Start Time and Last Actual End with Slot End Time. These are session boundaries; scheduled procedure start/end fields are not used. | U37: =TEXT('Weekly Review'!B32,"ddd dd") -> Thu 27 | V37: ='Weekly Review'!C32 -> 10 | W37: ='Weekly Review'!D32 -> 40 | X37: =IF(ISNUMBER('Weekly Review'!I32),'Weekly Review'!I32,NA()) -> 0.91960784 | Y37: =IF(ISNUMBER('Weekly Review'!J32),'Weekly Review'!J32,NA()) -> 0.63496732
B38: 10-minute classification | C38: Regional HSCB definitions supplied by the user: On Time includes exactly 10 minutes early through exactly 10 minutes late. Early is more than 10 minutes before plan; Late is more than 10 minutes after plan. Full timestamps and seconds are compared, including overnight sessions. | U38: =TEXT('Weekly Review'!B33,"ddd dd") -> Fri 28 | V38: ='Weekly Review'!C33 -> 12 | W38: ='Weekly Review'!D33 -> 48 | X38: =IF(ISNUMBER('Weekly Review'!I33),'Weekly Review'!I33,NA()) -> 0.91192214 | Y38: =IF(ISNUMBER('Weekly Review'!J33),'Weekly Review'!J33,NA()) -> 0.63722628
B39: Classification population | C39: Both charts and the combination pivot use the same complete-timing sessions. Missing, reversed or conflicting actual times leave a session Unclassified. Overlap warnings alone remain eligible. Coverage includes all sessions and shows exclusions. | U39: =TEXT('Weekly Review'!B34,"ddd dd") -> Sat 29 | V39: ='Weekly Review'!C34 -> 11 | W39: ='Weekly Review'!D34 -> 44 | X39: =IF(ISNUMBER('Weekly Review'!I34),'Weekly Review'!I34,NA()) -> 0.90672043 | Y39: =IF(ISNUMBER('Weekly Review'!J34),'Weekly Review'!J34,NA()) -> 0.62715054
B40: Start / finish charts | C40: Two native 100% stacked PivotCharts show monthly start and finish distributions. Bar heights are proportions; labels show session counts. The three category series remain available even when counts are zero. | U40: =TEXT('Weekly Review'!B35,"ddd dd") -> Sun 30 | V40: ='Weekly Review'!C35 -> 11 | W40: ='Weekly Review'!D35 -> 44 | X40: =IF(ISNUMBER('Weekly Review'!I35),'Weekly Review'!I35,NA()) -> 0.9 | Y40: =IF(ISNUMBER('Weekly Review'!J35),'Weekly Review'!J35,NA()) -> 0.6025
B41: Combination counts | C41: StartFinishSummary aggregates by month and the supported filter dimensions. Nine start/finish cells plus one Unclassified count reconcile to all actual sessions. Zero cells preserve absent categories and do not represent additional sessions. | U41: =TEXT('Weekly Review'!B36,"ddd dd") -> Mon 31 | V41: ='Weekly Review'!C36 -> 10 | W41: ='Weekly Review'!D36 -> 40 | X41: =IF(ISNUMBER('Weekly Review'!I36),'Weekly Review'!I36,NA()) -> 0.9094086 | Y41: =IF(ISNUMBER('Weekly Review'!J36),'Weekly Review'!J36,NA()) -> 0.63494624
B42: Start / finish detail | C42: Start Finish Data has one row per actual session on the left and the aggregate grid on the right. Double-clicking the new combination pivot returns aggregate count rows. Use the left-hand session table for session-level timings. Existing Utilisation - Detail by Theatre drill-down remains unchanged.
B43: Start / finish filters | C43: Five slicers control both charts, the combination table and its coverage line. They are independent of the earlier reports. Direct pivot field filters do not change the separate coverage line; use slicers for coordinated filtering.
B44: Refresh the pivots | C44: First run Data > Refresh All and wait for every query to finish. Then right-click a PivotTable > Refresh on Utilisation - Detail by Theatre, Utilisation - Detail and Utilisation - Start Finish Time. The three reports have separate caches. Their linked charts, slicers and drill-downs then use the newly loaded worksheet data.
B45: Performance | C45: Local comparison using three dummy source files / 4,050 input rows: original Refresh All 560.6 seconds; updated Refresh All 327.9 seconds, plus 0.7 seconds for the three pivot caches. Network-share performance can differ. Counts, full detail and validation rules are retained. | U45: Selected row | V45: Origin date | W45: Planned offset | X45: Planned span | Y45: Actual offset | Z45: Actual span | AA45: Session label | AB45: Op minutes
B46: Opening the workbook | C46: The three pivot caches refresh from their local worksheet tables when the workbook opens. This does not import new extracts. After a folder change or source update, still run Refresh All and then refresh the three report pivots when loading is complete. | U46: =IF((($V$29-1)*12+1)>$V$5,"",MOD(_xlfn.AGGREGATE(15,6,(SessionReviewTable[Procedure Date]*(ROWS(SessionReviewTable[Procedure Date])+1)+(ROW(SessionReviewTable[Procedure Date])-ROW(INDEX(SessionReviewTable[Procedure Date],1,1))+1))/WeeklyMask,(($V$29-1)*12+1)),ROWS(SessionReviewTable[Procedure Date])+1)) -> 84 | V46: =IF($U46="","",INT(MIN(INDEX(SessionReviewTable[Procedure Date],$U46),INDEX(SessionReviewTable[Slot Start Time],$U46),IF(INDEX(SessionReviewTable[Sessions Used for Timing],$U46)=1,INDEX(SessionReviewTable[First Actual Start],$U46),INDEX(SessionReviewTable[Slot Start Time],$U46))))) -> 46259 | W46: =IF($U46="",NA(),INDEX(SessionReviewTable[Slot Start Time],$U46)-$V46) -> 0.3125 | X46: =IF($U46="",NA(),(INDEX(SessionReviewTable[Slot End Time],$U46)-INDEX(SessionReviewTable[Slot Start Time],$U46))) -> 0.375 | Y46: =IF($U46="",NA(),IF(INDEX(SessionReviewTable[Sessions Used for Timing],$U46)=1,INDEX(SessionReviewTable[First Actual Start],$U46)-$V46,NA())) -> 0.31597222 | Z46: =IF($U46="",NA(),IF(INDEX(SessionReviewTable[Sessions Used for Timing],$U46)=1,INDEX(SessionReviewTable[Run Minutes],$U46)/1440,NA())) -> 0.34513889 | AA46: =IF($U46="","",TEXT($V46,"dd mmm")&" "&SUBSTITUTE(SUBSTITUTE(INDEX(SessionReviewTable[Operating Theatre],$U46),"ST ",""),"THEATRE ","TH ")) -> 25 Aug CAH MAIN TH 7 | AB46: =IF($U46="","",IF(INDEX(SessionReviewTable[Sessions Used for Timing],$U46)=1,INDEX(SessionReviewTable[Op Minutes],$U46),"—")) -> 375
U47: =IF((($V$29-1)*12+2)>$V$5,"",MOD(_xlfn.AGGREGATE(15,6,(SessionReviewTable[Procedure Date]*(ROWS(SessionReviewTable[Procedure Date])+1)+(ROW(SessionReviewTable[Procedure Date])-ROW(INDEX(SessionReviewTable[Procedure Date],1,1))+1))/WeeklyMask,(($V$29-1)*12+2)),ROWS(SessionReviewTable[Procedure Date])+1)) -> 164 | V47: =IF($U47="","",INT(MIN(INDEX(SessionReviewTable[Procedure Date],$U47),INDEX(SessionReviewTable[Slot Start Time],$U47),IF(INDEX(SessionReviewTable[Sessions Used for Timing],$U47)=1,INDEX(SessionReviewTable[First Actual Start],$U47),INDEX(SessionReviewTable[Slot Start Time],$U47))))) -> 46259 | W47: =IF($U47="",NA(),INDEX(SessionReviewTable[Slot Start Time],$U47)-$V47) -> 0.3125 | X47: =IF($U47="",NA(),(INDEX(SessionReviewTable[Slot End Time],$U47)-INDEX(SessionReviewTable[Slot Start Time],$U47))) -> 0.33333333 | Y47: =IF($U47="",NA(),IF(INDEX(SessionReviewTable[Sessions Used for Timing],$U47)=1,INDEX(SessionReviewTable[First Actual Start],$U47)-$V47,NA())) -> 0.32083333 | Z47: =IF($U47="",NA(),IF(INDEX(SessionReviewTable[Sessions Used for Timing],$U47)=1,INDEX(SessionReviewTable[Run Minutes],$U47)/1440,NA())) -> 0.30208333 | AA47: =IF($U47="","",TEXT($V47,"dd mmm")&" "&SUBSTITUTE(SUBSTITUTE(INDEX(SessionReviewTable[Operating Theatre],$U47),"ST ",""),"THEATRE ","TH ")) -> 25 Aug CAH MAIN TH 3 | AB47: =IF($U47="","",IF(INDEX(SessionReviewTable[Sessions Used for Timing],$U47)=1,INDEX(SessionReviewTable[Op Minutes],$U47),"—")) -> 317
B48: Review reports | C48: Specialty Utilisation, Consultant Utilisation and Scheduled Workload share one SessionReview query and one pivot cache. Each sheet has independent slicers. After Refresh All finishes, refresh a pivot on any one of these three sheets to update their shared cache. | U48: =IF((($V$29-1)*12+3)>$V$5,"",MOD(_xlfn.AGGREGATE(15,6,(SessionReviewTable[Procedure Date]*(ROWS(SessionReviewTable[Procedure Date])+1)+(ROW(SessionReviewTable[Procedure Date])-ROW(INDEX(SessionReviewTable[Procedure Date],1,1))+1))/WeeklyMask,(($V$29-1)*12+3)),ROWS(SessionReviewTable[Procedure Date])+1)) -> 172 | V48: =IF($U48="","",INT(MIN(INDEX(SessionReviewTable[Procedure Date],$U48),INDEX(SessionReviewTable[Slot Start Time],$U48),IF(INDEX(SessionReviewTable[Sessions Used for Timing],$U48)=1,INDEX(SessionReviewTable[First Actual Start],$U48),INDEX(SessionReviewTable[Slot Start Time],$U48))))) -> 46259 | W48: =IF($U48="",NA(),INDEX(SessionReviewTable[Slot Start Time],$U48)-$V48) -> 0.3125 | X48: =IF($U48="",NA(),(INDEX(SessionReviewTable[Slot End Time],$U48)-INDEX(SessionReviewTable[Slot Start Time],$U48))) -> 0.29166667 | Y48: =IF($U48="",NA(),IF(INDEX(SessionReviewTable[Sessions Used for Timing],$U48)=1,INDEX(SessionReviewTable[First Actual Start],$U48)-$V48,NA())) -> 0.32083333 | Z48: =IF($U48="",NA(),IF(INDEX(SessionReviewTable[Sessions Used for Timing],$U48)=1,INDEX(SessionReviewTable[Run Minutes],$U48)/1440,NA())) -> 0.27222222 | AA48: =IF($U48="","",TEXT($V48,"dd mmm")&" "&SUBSTITUTE(SUBSTITUTE(INDEX(SessionReviewTable[Operating Theatre],$U48),"ST ",""),"THEATRE ","TH ")) -> 25 Aug CAH MAIN TH 2 | AB48: =IF($U48="","",IF(INDEX(SessionReviewTable[Sessions Used for Timing],$U48)=1,INDEX(SessionReviewTable[Op Minutes],$U48),"—")) -> 292
B49: Consultant attribution | C49: Responsible Consultant means Session (Responsible Consultant), not necessarily the operating surgeon. A single known consultant with no missing source labels owns the session. Mixed / multiple, Incomplete attribution and Unspecified remain separate groups. Consultant Names retains recorded names. Whole-session capacity is never duplicated across consultants. | U49: =IF((($V$29-1)*12+4)>$V$5,"",MOD(_xlfn.AGGREGATE(15,6,(SessionReviewTable[Procedure Date]*(ROWS(SessionReviewTable[Procedure Date])+1)+(ROW(SessionReviewTable[Procedure Date])-ROW(INDEX(SessionReviewTable[Procedure Date],1,1))+1))/WeeklyMask,(($V$29-1)*12+4)),ROWS(SessionReviewTable[Procedure Date])+1)) -> 503 | V49: =IF($U49="","",INT(MIN(INDEX(SessionReviewTable[Procedure Date],$U49),INDEX(SessionReviewTable[Slot Start Time],$U49),IF(INDEX(SessionReviewTable[Sessions Used for Timing],$U49)=1,INDEX(SessionReviewTable[First Actual Start],$U49),INDEX(SessionReviewTable[Slot Start Time],$U49))))) -> 46259 | W49: =IF($U49="",NA(),INDEX(SessionReviewTable[Slot Start Time],$U49)-$V49) -> 0.35416667 | X49: =IF($U49="",NA(),(INDEX(SessionReviewTable[Slot End Time],$U49)-INDEX(SessionReviewTable[Slot Start Time],$U49))) -> 0.375 | Y49: =IF($U49="",NA(),IF(INDEX(SessionReviewTable[Sessions Used for Timing],$U49)=1,INDEX(SessionReviewTable[First Actual Start],$U49)-$V49,NA())) -> 0.35555556 | Z49: =IF($U49="",NA(),IF(INDEX(SessionReviewTable[Sessions Used for Timing],$U49)=1,INDEX(SessionReviewTable[Run Minutes],$U49)/1440,NA())) -> 0.35763889 | AA49: =IF($U49="","",TEXT($V49,"dd mmm")&" "&SUBSTITUTE(SUBSTITUTE(INDEX(SessionReviewTable[Operating Theatre],$U49),"ST ",""),"THEATRE ","TH ")) -> 25 Aug CAH MAIN TH 1 | AB49: =IF($U49="","",IF(INDEX(SessionReviewTable[Sessions Used for Timing],$U49)=1,INDEX(SessionReviewTable[Op Minutes],$U49),"—")) -> 400
B50: Review drilldown | C50: New report values drill into contributing sessions with timestamps, attribution and quality notes. Patient counts require both first start and last end. Use Utilisation - Detail by Theatre for counted patient records. Excluded-patient counts remain visible in session data. | U50: =IF((($V$29-1)*12+5)>$V$5,"",MOD(_xlfn.AGGREGATE(15,6,(SessionReviewTable[Procedure Date]*(ROWS(SessionReviewTable[Procedure Date])+1)+(ROW(SessionReviewTable[Procedure Date])-ROW(INDEX(SessionReviewTable[Procedure Date],1,1))+1))/WeeklyMask,(($V$29-1)*12+5)),ROWS(SessionReviewTable[Procedure Date])+1)) -> 537 | V50: =IF($U50="","",INT(MIN(INDEX(SessionReviewTable[Procedure Date],$U50),INDEX(SessionReviewTable[Slot Start Time],$U50),IF(INDEX(SessionReviewTable[Sessions Used for Timing],$U50)=1,INDEX(SessionReviewTable[First Actual Start],$U50),INDEX(SessionReviewTable[Slot Start Time],$U50))))) -> 46259 | W50: =IF($U50="",NA(),INDEX(SessionReviewTable[Slot Start Time],$U50)-$V50) -> 0.5625 | X50: =IF($U50="",NA(),(INDEX(SessionReviewTable[Slot End Time],$U50)-INDEX(SessionReviewTable[Slot Start Time],$U50))) -> 0.1875 | Y50: =IF($U50="",NA(),IF(INDEX(SessionReviewTable[Sessions Used for Timing],$U50)=1,INDEX(SessionReviewTable[First Actual Start],$U50)-$V50,NA())) -> 0.56388889 | Z50: =IF($U50="",NA(),IF(INDEX(SessionReviewTable[Sessions Used for Timing],$U50)=1,INDEX(SessionReviewTable[Run Minutes],$U50)/1440,NA())) -> 0.17638889 | AA50: =IF($U50="","",TEXT($V50,"dd mmm")&" "&SUBSTITUTE(SUBSTITUTE(INDEX(SessionReviewTable[Operating Theatre],$U50),"ST ",""),"THEATRE ","TH ")) -> 25 Aug DHH MAIN TH 3 | AB50: =IF($U50="","",IF(INDEX(SessionReviewTable[Sessions Used for Timing],$U50)=1,INDEX(SessionReviewTable[Op Minutes],$U50),"—")) -> 153
B51: Review timing | C51: The utilisation reports reuse the existing run/op definitions and complete-timing eligibility. Session counts and total planned time include all represented sessions. Patient counts require both first start and last end. Run/op rates use Planned Time - Timed. Punctuality percentages use Timed Sessions with the inclusive ten-minute allowance. | U51: =IF((($V$29-1)*12+6)>$V$5,"",MOD(_xlfn.AGGREGATE(15,6,(SessionReviewTable[Procedure Date]*(ROWS(SessionReviewTable[Procedure Date])+1)+(ROW(SessionReviewTable[Procedure Date])-ROW(INDEX(SessionReviewTable[Procedure Date],1,1))+1))/WeeklyMask,(($V$29-1)*12+6)),ROWS(SessionReviewTable[Procedure Date])+1)) -> 648 | V51: =IF($U51="","",INT(MIN(INDEX(SessionReviewTable[Procedure Date],$U51),INDEX(SessionReviewTable[Slot Start Time],$U51),IF(INDEX(SessionReviewTable[Sessions Used for Timing],$U51)=1,INDEX(SessionReviewTable[First Actual Start],$U51),INDEX(SessionReviewTable[Slot Start Time],$U51))))) -> 46259 | W51: =IF($U51="",NA(),INDEX(SessionReviewTable[Slot Start Time],$U51)-$V51) -> 0.35416667 | X51: =IF($U51="",NA(),(INDEX(SessionReviewTable[Slot End Time],$U51)-INDEX(SessionReviewTable[Slot Start Time],$U51))) -> 0.125 | Y51: =IF($U51="",NA(),IF(INDEX(SessionReviewTable[Sessions Used for Timing],$U51)=1,INDEX(SessionReviewTable[First Actual Start],$U51)-$V51,NA())) -> 0.35833333 | Z51: =IF($U51="",NA(),IF(INDEX(SessionReviewTable[Sessions Used for Timing],$U51)=1,INDEX(SessionReviewTable[Run Minutes],$U51)/1440,NA())) -> 0.11527778 | AA51: =IF($U51="","",TEXT($V51,"dd mmm")&" "&SUBSTITUTE(SUBSTITUTE(INDEX(SessionReviewTable[Operating Theatre],$U51),"ST ",""),"THEATRE ","TH ")) -> 25 Aug DHH MATERNITY TH 1 | AB51: =IF($U51="","",IF(INDEX(SessionReviewTable[Sessions Used for Timing],$U51)=1,INDEX(SessionReviewTable[Op Minutes],$U51),"—")) -> 80
B52: Recorded scheduled load | C52: Scheduled Patient Time is the sum of supplied Operation Time Minutes (Scheduled), counted once per operation. Recorded Scheduled Load divides this by planned session minutes for the same assessed sessions. Rates use summed numerators and denominators, not averages of session percentages. | U52: =IF((($V$29-1)*12+7)>$V$5,"",MOD(_xlfn.AGGREGATE(15,6,(SessionReviewTable[Procedure Date]*(ROWS(SessionReviewTable[Procedure Date])+1)+(ROW(SessionReviewTable[Procedure Date])-ROW(INDEX(SessionReviewTable[Procedure Date],1,1))+1))/WeeklyMask,(($V$29-1)*12+7)),ROWS(SessionReviewTable[Procedure Date])+1)) -> 896 | V52: =IF($U52="","",INT(MIN(INDEX(SessionReviewTable[Procedure Date],$U52),INDEX(SessionReviewTable[Slot Start Time],$U52),IF(INDEX(SessionReviewTable[Sessions Used for Timing],$U52)=1,INDEX(SessionReviewTable[First Actual Start],$U52),INDEX(SessionReviewTable[Slot Start Time],$U52))))) -> 46259 | W52: =IF($U52="",NA(),INDEX(SessionReviewTable[Slot Start Time],$U52)-$V52) -> 0.35416667 | X52: =IF($U52="",NA(),(INDEX(SessionReviewTable[Slot End Time],$U52)-INDEX(SessionReviewTable[Slot Start Time],$U52))) -> 0.125 | Y52: =IF($U52="",NA(),IF(INDEX(SessionReviewTable[Sessions Used for Timing],$U52)=1,INDEX(SessionReviewTable[First Actual Start],$U52)-$V52,NA())) -> 0.36180556 | Z52: =IF($U52="",NA(),IF(INDEX(SessionReviewTable[Sessions Used for Timing],$U52)=1,INDEX(SessionReviewTable[Run Minutes],$U52)/1440,NA())) -> 0.10902778 | AA52: =IF($U52="","",TEXT($V52,"dd mmm")&" "&SUBSTITUTE(SUBSTITUTE(INDEX(SessionReviewTable[Operating Theatre],$U52),"ST ",""),"THEATRE ","TH ")) -> 25 Aug STY DPU 1 | AB52: =IF($U52="","",IF(INDEX(SessionReviewTable[Sessions Used for Timing],$U52)=1,INDEX(SessionReviewTable[Op Minutes],$U52),"—")) -> 85
B53: Workload completeness | C53: A missing, invalid, negative or conflicting scheduled-minute value excludes the entire session from workload assessment. Valid zero minutes remain zero. Missing or inconsistent scheduled timestamps warn without replacing valid supplied minutes. Coverage and Unassessed Sessions expose exclusions. | U53: =IF((($V$29-1)*12+8)>$V$5,"",MOD(_xlfn.AGGREGATE(15,6,(SessionReviewTable[Procedure Date]*(ROWS(SessionReviewTable[Procedure Date])+1)+(ROW(SessionReviewTable[Procedure Date])-ROW(INDEX(SessionReviewTable[Procedure Date],1,1))+1))/WeeklyMask,(($V$29-1)*12+8)),ROWS(SessionReviewTable[Procedure Date])+1)) -> 925 | V53: =IF($U53="","",INT(MIN(INDEX(SessionReviewTable[Procedure Date],$U53),INDEX(SessionReviewTable[Slot Start Time],$U53),IF(INDEX(SessionReviewTable[Sessions Used for Timing],$U53)=1,INDEX(SessionReviewTable[First Actual Start],$U53),INDEX(SessionReviewTable[Slot Start Time],$U53))))) -> 46259 | W53: =IF($U53="",NA(),INDEX(SessionReviewTable[Slot Start Time],$U53)-$V53) -> 0.35416667 | X53: =IF($U53="",NA(),(INDEX(SessionReviewTable[Slot End Time],$U53)-INDEX(SessionReviewTable[Slot Start Time],$U53))) -> 0.33333333 | Y53: =IF($U53="",NA(),IF(INDEX(SessionReviewTable[Sessions Used for Timing],$U53)=1,INDEX(SessionReviewTable[First Actual Start],$U53)-$V53,NA())) -> 0.35972222 | Z53: =IF($U53="",NA(),IF(INDEX(SessionReviewTable[Sessions Used for Timing],$U53)=1,INDEX(SessionReviewTable[Run Minutes],$U53)/1440,NA())) -> 0.30972222 | AA53: =IF($U53="","",TEXT($V53,"dd mmm")&" "&SUBSTITUTE(SUBSTITUTE(INDEX(SessionReviewTable[Operating Theatre],$U53),"ST ",""),"THEATRE ","TH ")) -> 25 Aug STY TH 1 | AB53: =IF($U53="","",IF(INDEX(SessionReviewTable[Sessions Used for Timing],$U53)=1,INDEX(SessionReviewTable[Op Minutes],$U53),"—")) -> 316
B54: Operation identity | C54: Log ID identifies an operation within a session. Without Log ID, matching patient plus complete scheduled start/end times identify repeats; differing minutes conflict. If patient/timing identity is incomplete, source rows remain separate with a warning. Review Scheduling Notes when identifiers are missing. | U54: =IF((($V$29-1)*12+9)>$V$5,"",MOD(_xlfn.AGGREGATE(15,6,(SessionReviewTable[Procedure Date]*(ROWS(SessionReviewTable[Procedure Date])+1)+(ROW(SessionReviewTable[Procedure Date])-ROW(INDEX(SessionReviewTable[Procedure Date],1,1))+1))/WeeklyMask,(($V$29-1)*12+9)),ROWS(SessionReviewTable[Procedure Date])+1)) -> 968 | V54: =IF($U54="","",INT(MIN(INDEX(SessionReviewTable[Procedure Date],$U54),INDEX(SessionReviewTable[Slot Start Time],$U54),IF(INDEX(SessionReviewTable[Sessions Used for Timing],$U54)=1,INDEX(SessionReviewTable[First Actual Start],$U54),INDEX(SessionReviewTable[Slot Start Time],$U54))))) -> 46259 | W54: =IF($U54="",NA(),INDEX(SessionReviewTable[Slot Start Time],$U54)-$V54) -> 0.33333333 | X54: =IF($U54="",NA(),(INDEX(SessionReviewTable[Slot End Time],$U54)-INDEX(SessionReviewTable[Slot Start Time],$U54))) -> 0.29166667 | Y54: =IF($U54="",NA(),IF(INDEX(SessionReviewTable[Sessions Used for Timing],$U54)=1,INDEX(SessionReviewTable[First Actual Start],$U54)-$V54,NA())) -> 0.33888889 | Z54: =IF($U54="",NA(),IF(INDEX(SessionReviewTable[Sessions Used for Timing],$U54)=1,INDEX(SessionReviewTable[Run Minutes],$U54)/1440,NA())) -> 0.27083333 | AA54: =IF($U54="","",TEXT($V54,"dd mmm")&" "&SUBSTITUTE(SUBSTITUTE(INDEX(SessionReviewTable[Operating Theatre],$U54),"ST ",""),"THEATRE ","TH ")) -> 25 Aug STY TH 2 | AB54: =IF($U54="","",IF(INDEX(SessionReviewTable[Sessions Used for Timing],$U54)=1,INDEX(SessionReviewTable[Op Minutes],$U54),"—")) -> 261
B55: Interpreting workload | C55: Below/at/above 100% compares recorded scheduled patient minutes with the represented session length. It is not a booking target or proof another patient could fit. Planned turnaround, earlier booking positions, cancelled patients and empty allocated blocks are not established by these extracts. | U55: =IF((($V$29-1)*12+10)>$V$5,"",MOD(_xlfn.AGGREGATE(15,6,(SessionReviewTable[Procedure Date]*(ROWS(SessionReviewTable[Procedure Date])+1)+(ROW(SessionReviewTable[Procedure Date])-ROW(INDEX(SessionReviewTable[Procedure Date],1,1))+1))/WeeklyMask,(($V$29-1)*12+10)),ROWS(SessionReviewTable[Procedure Date])+1)) -> 55 | V55: =IF($U55="","",INT(MIN(INDEX(SessionReviewTable[Procedure Date],$U55),INDEX(SessionReviewTable[Slot Start Time],$U55),IF(INDEX(SessionReviewTable[Sessions Used for Timing],$U55)=1,INDEX(SessionReviewTable[First Actual Start],$U55),INDEX(SessionReviewTable[Slot Start Time],$U55))))) -> 46260 | W55: =IF($U55="",NA(),INDEX(SessionReviewTable[Slot Start Time],$U55)-$V55) -> 0.33333333 | X55: =IF($U55="",NA(),(INDEX(SessionReviewTable[Slot End Time],$U55)-INDEX(SessionReviewTable[Slot Start Time],$U55))) -> 0.14583333 | Y55: =IF($U55="",NA(),IF(INDEX(SessionReviewTable[Sessions Used for Timing],$U55)=1,INDEX(SessionReviewTable[First Actual Start],$U55)-$V55,NA())) -> 0.33680556 | Z55: =IF($U55="",NA(),IF(INDEX(SessionReviewTable[Sessions Used for Timing],$U55)=1,INDEX(SessionReviewTable[Run Minutes],$U55)/1440,NA())) -> 0.12361111 | AA55: =IF($U55="","",TEXT($V55,"dd mmm")&" "&SUBSTITUTE(SUBSTITUTE(INDEX(SessionReviewTable[Operating Theatre],$U55),"ST ",""),"THEATRE ","TH ")) -> 26 Aug CAH MAIN TH 7 | AB55: =IF($U55="","",IF(INDEX(SessionReviewTable[Sessions Used for Timing],$U55)=1,INDEX(SessionReviewTable[Op Minutes],$U55),"—")) -> 105
B56: Added refresh work | C56: The three new reports share one extra loaded query. Existing source parameters and reports remain in place. This adds refresh work; the earlier performance timing applies to the prior workbook, not this expanded version. | U56: =IF((($V$29-1)*12+11)>$V$5,"",MOD(_xlfn.AGGREGATE(15,6,(SessionReviewTable[Procedure Date]*(ROWS(SessionReviewTable[Procedure Date])+1)+(ROW(SessionReviewTable[Procedure Date])-ROW(INDEX(SessionReviewTable[Procedure Date],1,1))+1))/WeeklyMask,(($V$29-1)*12+11)),ROWS(SessionReviewTable[Procedure Date])+1)) -> 68 | V56: =IF($U56="","",INT(MIN(INDEX(SessionReviewTable[Procedure Date],$U56),INDEX(SessionReviewTable[Slot Start Time],$U56),IF(INDEX(SessionReviewTable[Sessions Used for Timing],$U56)=1,INDEX(SessionReviewTable[First Actual Start],$U56),INDEX(SessionReviewTable[Slot Start Time],$U56))))) -> 46260 | W56: =IF($U56="",NA(),INDEX(SessionReviewTable[Slot Start Time],$U56)-$V56) -> 0.3125 | X56: =IF($U56="",NA(),(INDEX(SessionReviewTable[Slot End Time],$U56)-INDEX(SessionReviewTable[Slot Start Time],$U56))) -> 0.33333333 | Y56: =IF($U56="",NA(),IF(INDEX(SessionReviewTable[Sessions Used for Timing],$U56)=1,INDEX(SessionReviewTable[First Actual Start],$U56)-$V56,NA())) -> 0.31944444 | Z56: =IF($U56="",NA(),IF(INDEX(SessionReviewTable[Sessions Used for Timing],$U56)=1,INDEX(SessionReviewTable[Run Minutes],$U56)/1440,NA())) -> 0.29652778 | AA56: =IF($U56="","",TEXT($V56,"dd mmm")&" "&SUBSTITUTE(SUBSTITUTE(INDEX(SessionReviewTable[Operating Theatre],$U56),"ST ",""),"THEATRE ","TH ")) -> 26 Aug CAH MAIN TH 2 | AB56: =IF($U56="","",IF(INDEX(SessionReviewTable[Sessions Used for Timing],$U56)=1,INDEX(SessionReviewTable[Op Minutes],$U56),"—")) -> 327
U57: =IF((($V$29-1)*12+12)>$V$5,"",MOD(_xlfn.AGGREGATE(15,6,(SessionReviewTable[Procedure Date]*(ROWS(SessionReviewTable[Procedure Date])+1)+(ROW(SessionReviewTable[Procedure Date])-ROW(INDEX(SessionReviewTable[Procedure Date],1,1))+1))/WeeklyMask,(($V$29-1)*12+12)),ROWS(SessionReviewTable[Procedure Date])+1)) -> 162 | V57: =IF($U57="","",INT(MIN(INDEX(SessionReviewTable[Procedure Date],$U57),INDEX(SessionReviewTable[Slot Start Time],$U57),IF(INDEX(SessionReviewTable[Sessions Used for Timing],$U57)=1,INDEX(SessionReviewTable[First Actual Start],$U57),INDEX(SessionReviewTable[Slot Start Time],$U57))))) -> 46260 | W57: =IF($U57="",NA(),INDEX(SessionReviewTable[Slot Start Time],$U57)-$V57) -> 0.5625 | X57: =IF($U57="",NA(),(INDEX(SessionReviewTable[Slot End Time],$U57)-INDEX(SessionReviewTable[Slot Start Time],$U57))) -> 0.16666667 | Y57: =IF($U57="",NA(),IF(INDEX(SessionReviewTable[Sessions Used for Timing],$U57)=1,INDEX(SessionReviewTable[First Actual Start],$U57)-$V57,NA())) -> 0.56944444 | Z57: =IF($U57="",NA(),IF(INDEX(SessionReviewTable[Sessions Used for Timing],$U57)=1,INDEX(SessionReviewTable[Run Minutes],$U57)/1440,NA())) -> 0.15069444 | AA57: =IF($U57="","",TEXT($V57,"dd mmm")&" "&SUBSTITUTE(SUBSTITUTE(INDEX(SessionReviewTable[Operating Theatre],$U57),"ST ",""),"THEATRE ","TH ")) -> 26 Aug CAH DPU 1 | AB57: =IF($U57="","",IF(INDEX(SessionReviewTable[Sessions Used for Timing],$U57)=1,INDEX(SessionReviewTable[Op Minutes],$U57),"—")) -> 129
